sequence,tm,gc_per,any_th,3p_th,hairpin_th
GCACACCTTACCTCTACGAA,59.54,50.00,0.00,0.00,0.00
ATATCACGCCTCTCCCACAA,61.14,50.00,0.00,0.00,0.00
TGCGACACTCAAACGGAATC,61.38,50.00,0.00,0.00,0.00
CCGATCAGTGTGTACTTGCA,60.47,50.00,0.00,0.00,36.16
GCTTGAACTTAATCACGCCC,59.97,50.00,0.14,0.00,40.56
CAGCTGCCCAATTTAGTGCA,61.69,50.00,0.00,0.00,0.00
CGCTCGCCAAATTGTCTACT,61.17,50.00,0.00,0.00,0.00
TGGCCACGTAGATAAGACAG,59.32,50.00,0.00,0.00,0.00
CCTGTCCCGTAGAATGCTTT,60.18,50.00,0.00,0.00,0.00
AACGACTGAGATTGTCACCG,60.47,50.00,0.00,0.00,35.80
CAGCTAGTGGCAATACCGTA,59.68,50.00,1.19,0.00,45.21
TTTTAGGCCAACGCTGAAGC,61.96,50.00,6.00,0.00,35.41
CGGTACCGAAATGCACGTAT,60.96,50.00,32.53,0.00,43.80
GGGTACCGATACGCAAAACT,60.54,50.00,7.02,0.00,44.08
CTTTCTTAGGTGTGGTGCTG,58.90,50.00,0.00,0.00,0.00
ATTGGCGCTCCTGTCTTGTA,62.00,50.00,8.57,0.00,0.00
GGTCGTCAGTGTTAATCCAG,58.41,50.00,0.00,0.00,0.00
CCAACATGCTTCGCTAACTC,59.69,50.00,0.00,0.00,0.00
GCATGTCGACGAATTACACC,59.77,50.00,12.92,0.00,0.00
CGAACATCTGGATGCATGAG,59.20,50.00,4.19,0.69,43.92
TCTCGCTTTCAACATCCGAG,60.54,50.00,0.00,0.00,45.88
TGGCTGCATGTGTGATCAAC,61.68,50.00,0.00,0.29,0.00
TTACATAGGCAAGCGCGATG,61.31,50.00,13.13,10.75,41.07
GATTAAGGCAAGGATTCCGG,58.82,50.00,0.00,0.00,0.00
TGGAGCTAAGCCGGAATTTC,60.55,50.00,6.13,0.00,0.00
GGCGCAGATCAAGAATTAGC,59.83,50.00,11.76,0.00,0.00
CTTGTAGGTAGAACGTGTGG,58.06,50.00,0.00,0.00,0.00
TTAACGGCCGAGATTGCTTC,61.18,50.00,37.33,0.00,0.00
CGGGGTCCAGTAATCACATA,59.02,50.00,0.00,0.00,0.00
GAGGCCATTACTGAAGACTG,58.10,50.00,6.00,0.00,0.00
TTGACTGACTCTTGGGACAC,59.68,50.00,0.00,0.00,41.32
GCCCCTAATGGTTCTGCTTA,59.89,50.00,0.00,0.00,0.00
AGTGTAGGGATAACGGCTCA,60.48,50.00,0.00,0.00,0.00
GTGATGAGGTTGCTTCGTGT,61.04,50.00,0.00,0.00,0.00
TCATCGTCTCCTAGGGTGAT,59.59,50.00,10.86,6.35,31.09
CACACGTATAGTTCGGAGCT,59.69,50.00,0.53,0.53,0.00
TAAGTGCCTCCGACTTGGTA,60.70,50.00,0.00,0.00,40.49
CTTATGCCATCCTTCGCCTT,60.62,50.00,0.00,0.00,0.00
TATGGTAGGAGGCGGTTCTT,60.48,50.00,0.00,0.00,0.00
GGATGCCATGTGATACGATC,58.69,50.00,0.00,0.00,0.00
ATCTTAGCCCCTTCCCTAAG,58.32,50.00,0.00,0.00,42.50
CCTCACTCATGTATCTCGGT,58.74,50.00,0.00,0.00,0.00
TCGGGCCTTAATTCGATCTC,59.75,50.00,1.82,0.00,0.00
TGGTCATCTCCCCAATAACC,59.22,50.00,0.00,0.00,0.00
CTCCTCAAAGCCTGTCTTGA,59.75,50.00,0.00,0.00,36.41
ACCAACAGCATAGTTCACCG,60.76,50.00,0.00,0.00,0.00
CGCACTGCCGATAAACTTTC,60.32,50.00,0.00,0.00,0.00
ACCCCTAGCTGATACAGTGA,59.81,50.00,0.00,0.00,35.05
GATGAAGTATACGCCTTGGC,58.91,50.00,2.04,2.04,0.00
GTTCGGATGGGGTATTTCAC,58.75,50.00,0.00,0.00,0.00
GTAGGGTCAGTTATTGTGCC,58.39,50.00,0.00,0.00,0.00
AGGGGTAATCACGTATGTCC,59.02,50.00,0.00,0.00,0.00
TTAGGTAGCCTCTGCGGAAA,61.06,50.00,0.00,0.00,45.34
TCCTAGTCGATCGCTGAGAA,60.26,50.00,12.50,0.00,0.00
CATGAGTATCGCAGCGTGAT,60.75,50.00,17.27,5.98,40.25
ATTGCAGTATTAGGCAGCGC,61.60,50.00,0.00,0.00,43.31
ACCGAGCGAAATCTAGGCTT,61.77,50.00,0.00,0.00,38.91
TCCGGCCTTACTTTAGCAAG,60.18,50.00,0.00,0.00,36.72
GCTGGAGACATGATGTTCCT,59.89,50.00,21.77,9.41,42.83
GCTAAAGTCGCGCAATTCTG,60.67,50.00,9.66,0.00,0.00
CTATCGTGCTGTAGTTCCCT,59.03,50.00,0.00,0.00,0.00
CCGGTTTTCTAATCCCGCAT,60.90,50.00,0.00,0.00,40.57
GACGTTGGGTGTTGAAGAGT,60.61,50.00,0.00,0.00,0.00
GGCTAACATTCGCCCAGAAA,61.12,50.00,0.00,0.00,44.57
ACTATGCGTCAATCTCACCG,60.33,50.00,0.00,0.00,0.00
TCCTACATTGCTGAGCTGTG,60.18,50.00,7.26,8.63,0.00
GGTCTTAAACACTTCGGCCA,60.69,50.00,3.19,0.00,0.00
ACAGTCTCGTACCACCAAAC,60.04,50.00,0.00,0.00,0.00
GTATCGTACAGCTTGGCCTA,59.39,50.00,4.28,0.00,0.00
TCAGATTGATCCAGGGCCAA,61.38,50.00,7.13,0.00,0.00
TCAGTTTACGCCACAAAGCC,61.61,50.00,0.00,0.00,0.00
TTTATCATGGTGGCGGCCTA,61.80,50.00,22.72,8.48,0.00
AAGGCAAGTAATCTGGGGCT,61.67,50.00,0.00,0.00,38.09
CACTCGTTTATCACCGTACG,58.87,50.00,10.10,10.10,36.16
GTAGACGTTGAAGCACGAGA,60.18,50.00,2.57,0.00,44.91
GCAACGGCAATCCAGATGAT,61.54,50.00,0.00,0.00,41.68
TTGTATGGAGCACCCTTCCT,61.00,50.00,0.00,0.00,37.10
ATCTATGCCCCACAAGCACT,61.74,50.00,0.00,0.00,46.27
TTATGAATAACGCCCGGGAG,60.04,50.00,30.85,28.27,0.00
TACCGCCTTTTCAGACGACT,61.62,50.00,0.00,0.00,0.00
CGTATAGCGTTAACGGGTCA,60.04,50.00,29.35,6.47,41.09
CAGCAAGCACTTCCACATAG,59.33,50.00,0.00,0.00,0.00
TACGAGGCGGGTTTCCTAAA,61.35,50.00,0.00,0.00,35.07
TCGTAGAATCTCACGTGCTC,59.69,50.00,13.11,6.26,40.47
AATCGACTTGTGTTTGCCCC,61.62,50.00,0.00,0.00,0.00
ACCTTGCCATGCAGAGAATG,61.12,50.00,0.00,0.00,42.56
GATCCCTCCAATTCCCTGTT,59.52,50.00,0.00,0.00,0.00
CTTACTCCAGCATTAGCACC,58.47,50.00,0.00,0.00,46.54
TGAGCAAAGACTCCTGCGAT,61.99,50.00,6.00,0.00,44.99
AGTTCTCCGTCGAGATCTAC,58.47,50.00,0.00,0.00,46.87
CACTGGTGTTTTCTCTGCAG,59.48,50.00,9.12,9.12,0.00
GGGACCATTCGAAGTTTTGG,59.54,50.00,15.04,15.04,36.03
GTCATTTCTACGTCGGGTGT,60.18,50.00,0.00,0.00,0.00
GTAATTCCACAACGGGGCTT,61.05,50.00,0.00,0.00,35.47
CACAAGATACGGGATGCAAG,59.12,50.00,0.00,0.00,0.00
TCCCCTGTTCACGAAGAAGA,60.92,50.00,0.00,0.00,38.69
CTACAACACGCTCACCCTAT,59.61,50.00,0.00,0.00,0.00
GCTGCGTCTCTTTCGAGTAT,60.33,50.00,0.00,0.00,39.81
ACCGTCCCTTCACAATGACA,61.86,50.00,0.00,0.00,0.00
ATAGTTGCCGTAACACAGCG,61.17,50.00,3.62,0.00,43.42
GCCTATCTAATACAGTCGCG,58.15,50.00,0.00,0.00,0.00
GCTTATATTAGCCAAGGCCG,58.97,50.00,8.95,0.00,44.15
CTCTTAGAAACCGGTTGAGG,58.04,50.00,25.05,12.12,37.30
TAATTCGGGCGCACATATCC,60.76,50.00,13.31,0.00,0.00
CACGCGGTTAGTTGTAGAAC,59.35,50.00,13.38,0.00,0.00
GCGGTCTATCGTAGTTTACC,58.01,50.00,0.00,0.00,0.00
CTTAGAGTCAGGTCGCCTAT,58.44,50.00,0.00,0.00,31.85
GCCGCCTTACCGATACAAAA,61.18,50.00,0.00,0.00,0.00
TGACGTTCATGTGCGACTAG,60.54,50.00,17.16,0.00,0.00
CATCCGCCATGTGCTTACTA,60.33,50.00,6.25,0.00,39.14
TTACACGAGTGGACCCAGTA,60.33,50.00,9.33,0.00,35.13
CTGTCCTCGGTTCGTTATTC,58.50,50.00,0.00,0.00,0.00
TACAGCTACGGGTAGGACAA,60.11,50.00,9.33,0.00,35.25
TCCTCATGACAGGGATGCAA,61.37,50.00,0.00,0.00,35.43
CACCACACAAGGTTATGCCA,60.98,50.00,0.00,0.00,42.87
TCAATAGAAGCGCCTAGTCC,59.39,50.00,3.31,0.00,0.00
CAACCCAGCAGGATCTAACA,59.82,50.00,0.00,0.00,40.99
GTGGTAGGTGTTTCAGGATG,58.31,50.00,0.00,0.00,37.54
GGCTAGTTTTCCACAGACCA,60.04,50.00,0.00,0.00,0.00
TGTCTCTCCGACCGATCTAT,59.67,50.00,0.00,0.00,43.73
GGAAGGTCCTCACGAAAGAT,59.53,50.00,0.00,0.00,34.39
AACAGACTGTACGAGCCGTT,61.90,50.00,10.82,0.00,43.14
GGAGCAGGGTACGAAAATCA,60.18,50.00,0.00,0.00,0.00
CCTTAGGGAGTTTGACCAAC,58.23,50.00,0.00,0.00,36.19
AATCCAGAAGCATGCACACC,61.41,50.00,23.30,6.85,0.00
CCTCAAAGGCGTACGCTAAT,60.61,50.00,37.79,23.06,42.40
AAGGACATTAACCTGAGGCC,59.82,50.00,0.00,0.00,39.38
AGGTACTGGGTCATCAAGGA,60.04,50.00,0.00,0.00,39.18
TCAAGTTCGTCCCTCCTTCA,60.92,50.00,0.00,0.00,0.00
TATCCATCGGCACCTCACAT,61.21,50.00,0.00,0.00,0.00
CCTTTAGAGCGAAGTGAGGA,59.25,50.00,0.00,0.00,0.00
CGGCCTGTTAGTAAGACAGT,59.54,50.00,0.00,0.00,44.08
AGAACGTTTTCTGGGCATCC,61.05,50.00,2.02,0.00,43.16
GAGAATACATCTTCGCCAGC,58.92,50.00,0.00,0.00,41.03
TGATTCTTAAGTACGGCCCC,59.60,50.00,0.00,0.00,0.00
GTACACGCCTGACATTCTTG,59.34,50.00,0.00,0.00,0.00
GTCGGTAGAAGCAACCTGAA,60.11,50.00,0.00,0.00,36.25
AACTGTACGAGTACCGGCAT,61.41,50.00,0.00,0.00,44.88
AGTTAGGATAGCCACGTAGG,58.44,50.00,0.00,0.00,41.84
GACAAGGGTGTGTCTCCTTT,59.97,50.00,0.00,0.00,45.61
TGGCTATAACGTAACTGCCG,60.33,50.00,16.19,0.00,44.25
CTATCGTGCTATTCCTTCGC,58.72,50.00,0.00,0.00,0.00
ATTCCCGAACCTAGGAGCTA,59.89,50.00,19.44,0.00,34.37
TGACTGTGAGGGGTATTGAC,59.16,50.00,0.00,0.00,0.00
CCACCGAGGCTATGTAATCT,59.09,50.00,0.00,0.00,0.00
TGCATACGCTCTTCAGGTGA,61.70,50.00,0.00,0.00,40.64
GTGTATAGTGTGGTCGGGAA,59.25,50.00,0.00,0.00,0.00
TACCTCCCAGTTCGGTCATA,59.81,50.00,0.00,0.00,33.78
CACAGAGTCTGTTGTAGGGT,59.09,50.00,25.53,0.00,45.51
CGTCATATGCGATTCACGTC,59.64,50.00,14.02,0.00,45.38
CTCGAAAACCAGCTAGACAC,58.71,50.00,0.00,0.00,0.00
CTGACGCCAAAACACATCTG,60.18,50.00,0.00,0.00,0.00
GCACAGCCTTCTCATGGTAA,60.47,50.00,0.00,0.00,0.00
ATCACTCCGCAATTAGCTGG,60.62,50.00,0.00,0.00,43.66
AAGTAAGCGGACAGGGTTGA,61.57,50.00,0.00,0.00,0.00
AAAAGTACCCTCAGGAGCGA,60.99,50.00,0.00,0.00,37.71
GTCATATCTCCGACGGGTTT,59.68,50.00,16.60,2.58,34.76
CTACCCATAGCGTGATCGAT,59.25,50.00,0.00,0.00,40.64
AGTCGGTCATGAGGGTTGTA,60.70,50.00,0.00,0.00,0.00
CATCATTCCGACTAATGGCG,59.27,50.00,0.00,0.00,39.17
AGCACTAGTCGACACGATTG,60.26,50.00,20.80,9.71,40.27
CCTTCAGCGTGTACATGAGA,59.90,50.00,21.05,14.06,0.00
AATAGCCCTTAGATTGCCGG,60.04,50.00,0.00,0.00,0.00
GCAGGAAAACTATCGCTCTG,59.13,50.00,0.00,0.00,0.00
CTCGTACAAGTCAAGCTCTG,58.43,50.00,0.00,0.00,0.00
CCTACTTGGTAGCCTACACT,58.28,50.00,5.69,0.00,37.05
ACGAAAGGCAGGGGTAGTAT,60.78,50.00,0.00,0.00,0.00
GCAAATGCTCCTTCTAGACG,59.13,50.00,0.00,0.00,39.09
GATGAGTCTGGTGAGTCGTA,58.68,50.00,0.00,0.00,45.45
CAGTGCCCGTGACTTGATAT,60.26,50.00,0.00,0.00,0.00
CGTCGAACACTATGAATCGC,59.57,50.00,0.00,0.00,34.81
TCGGAGTCTATACTGGCATG,58.81,50.00,0.00,0.00,37.63
GAGTCACAGAAACTACCGTC,58.07,50.00,0.00,0.00,0.00
CAAAAGGCCCAAGGGTTGTA,60.92,50.00,8.31,0.00,38.53
CGTTACCCTATCATTGACGG,58.27,50.00,0.00,0.00,0.00
GGTCATATGGGCGTCTATGT,59.46,50.00,3.46,0.00,0.00
GGGTAAGCATAGACACACCA,59.53,50.00,0.00,0.00,0.00
TACTAACTGGGGACACGAAC,59.17,50.00,0.00,0.00,36.73
TGAGAACGACCCTTACGAAC,59.83,50.00,0.00,0.00,35.38
AAGCATGCCTCCTAATGGGT,61.75,50.00,17.08,0.00,37.08
GAAGCATGCCGATAATTCCC,59.54,50.00,17.08,0.00,0.00
GATCTTTTGACAGCTCCGTG,59.34,50.00,0.00,0.00,0.00
CGTGGTCCGAAGAGATTCAA,60.18,50.00,0.00,0.00,40.75
GTCCTGAAGTGAACGTGACA,60.33,50.00,0.00,0.00,0.00
ACGTTGATCTGCATCCATGG,60.90,50.00,6.50,6.50,0.00
TGCAATATATCCCTGTCGGC,60.11,50.00,0.00,0.00,0.00
GTTGTACAAGTGATGCGCGT,61.99,50.00,10.93,0.84,0.00
GCTGACTCGGAGACATACAT,59.40,50.00,14.19,0.00,0.00
GAAGTGGCACGAATAACCTC,59.05,50.00,14.03,0.00,0.00
ATCGCAGACTATGAGCTTGG,60.04,50.00,0.00,0.00,44.46
AACGCAGACAGATTCACGTG,61.37,50.00,11.41,11.41,40.83
TTGCCAATACTCCTGATGCG,60.90,50.00,0.00,0.00,0.00
TCTTCCTCCCGTTCTCGAAT,60.77,50.00,0.00,0.00,40.64
CGGAAACATGCCAATTGGAC,60.54,50.00,30.76,20.44,38.53
GGTACACAATTCTGGTGCAG,59.26,50.00,0.00,0.00,41.43
CCTTACGCTCGTCAAATGAC,59.42,50.00,5.02,5.02,42.18
CCTGCTTCAGATACACAGTG,58.40,50.00,0.00,0.00,34.38
GAGCGTCAATCATTAAGCGG,59.84,50.00,0.00,0.00,0.00
TCCAGGATATCCACGCTCTT,60.55,50.00,25.43,0.00,39.91
CCCTGACTGAATCTGCTAAC,58.10,50.00,0.00,0.00,0.00
AGGCAAGTACGGTGTTAGTC,59.83,50.00,0.00,0.00,0.00
CTCTTCGCGCCTATGTAAGT,60.04,50.00,0.00,0.00,0.00
TGTGGTCTTTCGTGCAAAGG,61.54,50.00,0.00,0.00,43.75
CATGAGTATCGATGGTCGGA,59.18,50.00,9.95,0.00,42.57
AGCCAGTGACCTTGGTCATA,61.00,50.00,25.07,2.86,39.46
TCAGTTTCGCCATCGTATGC,61.24,50.00,0.00,0.00,37.76
TACAGACCACGTGTTGCTGA,61.84,50.00,27.90,15.07,0.00
TAGGTGCTACCAGGTCCTAT,59.21,50.00,0.00,0.00,44.00
CCCTGCAGAAGATTACGAAC,58.77,50.00,18.85,0.00,0.00
GTTAGACAGGTAGCACTGGT,59.17,50.00,9.09,0.00,44.25
AGTGTGCTCTTGTCCTACCA,60.92,50.00,0.00,0.00,0.00
AACAGGGCGAATTGGTCATC,61.12,50.00,0.00,0.00,0.00
GCCTAACGTTGTTCGAAGTC,59.63,50.00,13.39,0.00,43.81
CTTCAGAAGTCTCGTCTCGT,59.26,50.00,3.21,0.00,0.00
AACTCAGTCAGTAGGCTACC,58.58,50.00,22.29,7.93,34.76
CTGGTCCTATTCACCTTGCA,59.82,50.00,0.00,0.00,36.22
GATTGTATGAGAGGCCCGTT,59.97,50.00,0.00,0.00,0.00
TTCCGCATCACATAGAGGAC,59.68,50.00,0.00,0.00,35.59
AAACGACGGCCTCTTACTCA,61.62,50.00,0.00,0.00,0.00
AATAGTAGCCGACCTTGTGC,60.26,50.00,0.00,0.00,0.00
TCTACCTTTGAAGCGCTGAG,60.18,50.00,14.28,8.68,0.00
TCGTATTTCTGTCACCCGCT,61.70,50.00,0.00,0.00,0.00
CGTGTGCCAAAAGACGATCA,61.66,50.00,0.00,0.00,41.25
AGTAGGTATGTAGCGACTGG,58.45,50.00,6.67,0.00,40.29
AGGTTTGATGCGGAAGTCAG,60.76,50.00,0.00,0.00,0.00
ATCTCAAAAGGGAGGGGCAA,61.61,50.00,0.00,0.00,37.00
ATTCGAGTCGGCTAGGGATT,60.92,50.00,14.86,0.00,0.00
TCCTGTTTGATCGTTCCACG,60.75,50.00,0.00,0.00,45.11
ATTTGTGTCTCTCCCCAAGG,59.74,50.00,0.00,0.00,0.00
AGTACCATAGAGCTGCAACG,59.97,50.00,1.91,0.00,0.00
TGGTCCCAGTGTTAGGTAAC,59.09,50.00,0.00,0.00,37.44
ACATTGCACGATAACGGACC,61.18,50.00,0.00,0.00,45.29
TGAACTCAGGGGAACAACAC,60.26,50.00,0.00,0.00,0.00
CGAAGTCGGATTCACTAAGC,58.86,50.00,0.00,0.00,36.26
CGGACCAGTCAAACCCATAA,60.11,50.00,0.64,0.00,0.00
CCGCCGACCATAGAGTATAT,58.67,50.00,0.00,0.00,0.00
TTCCCCTAATTCGTCCGCAT,61.79,50.00,0.00,0.00,0.00
ACAGCTCTGCATCACTCTAC,59.61,50.00,0.00,0.00,0.00
GCGCCATTACCAATCTCGTT,61.53,50.00,0.00,0.00,0.00
AGAGGACCAGGCCTTAGATT,60.11,50.00,1.59,0.00,40.68
GAGATCGATGGTCATTGCCT,60.04,50.00,2.23,0.00,0.00
GTACCAGGAATGCATACACC,58.46,50.00,0.00,6.06,0.00
GATCAATAGCGGGGTTCCAA,60.26,50.00,0.00,0.00,0.00
GGCTCACACCCTTTAAGAAG,58.60,50.00,0.00,0.00,0.00
TGGCACCTCGGAGTAACTAA,60.70,50.00,5.25,0.00,0.00
TGTCCTTCCTACTGATGCGT,61.06,50.00,0.00,0.00,0.00
AGTAATAGTAGGAGCGTGGG,58.44,50.00,0.00,0.00,0.00
TAAGCCTGCATGATGGTCAC,60.55,50.00,0.00,0.00,0.00
ACTGCCATGGCTATATCAGG,59.45,50.00,37.12,18.50,43.34
GTTCGCATGCTCGTCTTATG,59.84,50.00,18.42,0.00,0.00
CAATCCCTATTGCCACTCCA,59.89,50.00,0.00,0.00,38.43
CAATCTCTAGGCATTCAGGC,58.53,50.00,0.00,0.00,44.61
TTGTTTCCTGTGTGCTTCGG,61.54,50.00,0.00,0.00,0.00
CTGGGGAGAAATAATGGACG,58.17,50.00,0.00,0.00,0.00
TCTGTCTTCAGTCCGCTTGT,61.56,50.00,0.00,0.00,43.13
GGTATATGGCGGCTAAGAGA,58.88,50.00,12.28,0.00,0.00
AATTCCTGTCGCTCTTAGGC,60.26,50.00,0.00,0.00,0.00
TTCTCAGTTTACGCGCTTCC,61.10,50.00,6.74,0.00,0.00
GCTGCGTCTCATATTGTCTC,58.92,50.00,0.00,0.00,0.00
CAGACATTGCCGATCAGTTC,59.41,50.00,0.00,0.00,0.00
TCCGATTCTGTGCTTACGTC,60.26,50.00,0.00,0.00,0.00
TACAAGACGCTTCAGCCAGT,61.92,50.00,0.00,0.00,38.94
CATCAGGGGTCGAGGTTATA,58.43,50.00,0.00,0.00,0.00
AGATTTAGTGCGAGGCTAGG,59.39,50.00,0.00,0.00,0.00
TGAACTCGCTCCTGGATAGT,60.48,50.00,0.00,0.22,0.00
TGCCACAGTTATGGTCTCAG,59.82,50.00,0.00,0.00,43.85
AGCTATTGATTGGCGAACCG,61.25,50.00,0.00,0.00,40.95
TTCATTCGTGATGCCACTCG,61.17,50.00,0.00,0.00,42.52
ATCTACTCGGCCAAGTGGAA,61.07,50.00,17.73,0.68,42.18
CAAAGTAGACCAACTGCGGT,60.69,50.00,0.00,0.00,44.98
GTATTGAACGCAACGGGGAA,61.39,50.00,0.00,0.00,38.53
CGAAATCGACACTTAAGCGG,59.77,50.00,2.69,0.00,44.04
TCAACGGGGCCATTACATTC,60.84,50.00,5.36,0.00,0.00
CTTAAGTGCGCCAAAGTCGA,61.38,50.00,5.16,0.00,0.00
GCCGATGAATAGCTCAAGGA,60.04,50.00,0.00,0.00,39.82
TACCGTACGATAGGCTCTCT,59.38,50.00,20.16,0.00,43.77
GGACGGTCAATCACTCATGT,60.18,50.00,11.99,0.00,0.00
ATCTTGCTGACGTTGTGCAG,61.67,50.00,11.67,6.44,39.46
AAACCTCCTCACGTGGAACT,61.50,50.00,18.34,0.00,37.11
GACATAAGGTGCATGCCAGT,60.83,50.00,18.04,4.42,0.00
AGGTAAAGGTTTGGAGCGTG,60.69,50.00,0.00,0.00,0.00
TTTGTGGGGCGCATTAAAGG,61.98,50.00,11.76,0.00,0.00
AAACCAGGTGGAGAGTAACG,59.75,50.00,3.50,0.00,39.85
TCTTCTTCGTCCTTTGCCGA,61.91,50.00,0.00,0.00,0.00
CGCATCTAACCAGCATTGAC,59.76,50.00,0.00,0.00,0.00
GGGGAACTATTTCGAGTCGT,59.61,50.00,14.41,0.00,33.49
GTCGCACTGTACCTAGTCAA,59.54,50.00,0.00,0.00,0.00
TTGAAACGACGACAAGGGAC,60.96,50.00,0.57,0.00,0.00
CTGACCCGTTCACTTTACAC,58.91,50.00,0.00,0.00,0.00
GAAGAACAAGGCCCTTAGCT,60.11,50.00,0.00,0.00,44.04
ATGTGATAGCTGATTCGCGG,60.75,50.00,7.08,0.00,35.31
CATTCAACGCACTCTGGCTT,61.67,50.00,0.00,0.00,0.00
CCGGTGCATTCTGTTCATAG,59.12,50.00,0.00,0.00,0.00
TTGTGGGCGAGAAGACGTAA,61.91,50.00,0.00,0.00,36.33
CCCTGGGTTACATTCACATG,58.67,50.00,5.42,0.00,37.15
CCAATCAAAGGAAGCTGGCT,61.06,50.00,0.00,0.00,0.00
CGTTGCCATCGAAGTCAGTA,60.54,50.00,0.00,0.00,0.00
AACCGAGCTCTACCGAATTC,59.97,50.00,14.15,0.00,0.00
CCTCATATGCGTGGGTACAT,59.75,50.00,0.00,0.00,0.00
ACATAAGTAATGCGGAGGCC,60.33,50.00,0.00,0.00,41.13
TCAAGTAGGAGAACCCAGCT,60.33,50.00,0.00,0.00,38.47
GATGACCAGTCAGGCGAATA,59.68,50.00,8.24,0.00,45.27
CTCATGTGGAAACCGGGATT,60.48,50.00,7.28,0.23,0.00
ATAAGGCACGTCGTAATCGG,60.40,50.00,0.00,0.00,38.46
GTCACGGTGAGGATGTCAAA,60.40,50.00,13.71,0.00,38.84
TCATCACCGGCGCAATTAAC,61.81,50.00,11.76,0.00,0.00
CCAAAGTAGAGATCGGCCAA,59.90,50.00,3.19,0.00,0.00
TAAAGGTGCTGTGTCCATCC,60.11,50.00,0.00,0.00,0.00
ACCGTCCAGCTATAAAGAGC,59.68,50.00,0.00,0.00,44.00
CGTTTACCGTCGGTATTGAG,58.86,50.00,26.34,14.37,40.39
CCGTCTACAGTGTCGGATAA,59.04,50.00,17.24,0.00,46.24
GGACTGTAGTTAATCACGCC,58.49,50.00,0.00,0.00,0.00
TGTGCCTATTAGGTCCGAAC,59.61,50.00,12.92,5.46,39.69
GAGGGATGATCCATGGTAGT,58.41,50.00,16.12,0.00,40.71
TGCTGACCGAGTTCATAGGA,60.77,50.00,0.00,0.00,0.00
GGGGCCTTTGATAAACTCCA,60.11,50.00,1.82,0.00,0.00
ACCACCGATTAATGTCACGC,61.18,50.00,0.00,0.00,0.00
GACCTTTCGATTCTGCTCAG,58.77,50.00,0.00,0.00,0.00
ACACGGGTTAGACGACTGTA,60.69,50.00,0.00,0.00,35.71
TCCCGAAACGATACGAGCTA,60.90,50.00,0.00,0.00,0.00
ATTCAACCCTCTGTGCTCCT,61.30,50.00,0.00,0.00,0.00
TCGTCAGCGGTTTCGTTTAG,61.09,50.00,9.07,0.00,39.72
CTACTTCCGTTGGCAGTGAA,60.40,50.00,0.00,0.00,0.00
TCGTGTCGTTATCCGGATAC,59.48,50.00,26.14,17.61,38.06
CATGAAATGGGTGGGAGCAA,61.06,50.00,0.00,0.00,43.80
TCCTATCCTCGTTGGTCAAG,58.95,50.00,0.00,0.00,37.92
ACCAAGACAAGGAGGAAAGG,59.67,50.00,0.00,0.00,0.00
TCGGACGCGATTAATCCTCA,61.54,50.00,16.94,0.00,0.00
AGAGTGATATGGACGTGCAG,59.68,50.00,18.57,0.00,0.00
TAGGTGTGAGGTCAAAGTGC,60.04,50.00,0.00,0.00,0.00
AGTATAGTTGCGCAAGGAGG,59.97,50.00,27.76,0.00,41.96
CTAAGTCAAATTACGCCCCG,59.13,50.00,0.00,0.00,0.00
ACTCCTAAAGGTGTCGGATC,58.95,50.00,0.00,0.00,39.74
GCTTGGGCGTGTGATATATG,59.27,50.00,0.00,0.00,0.00
TAAGGAGGACTCGGACAGAT,59.52,50.00,0.00,0.00,0.00
GCGACTAGAGGCTAAAAGGT,59.61,50.00,0.00,0.00,0.00
GATGGAACCAATCGCTACCT,59.97,50.00,0.00,0.00,0.00
GACAGTCCATTGCGCCTATA,60.04,50.00,5.16,0.00,0.00
GGCCACAACTAATCCTCCAT,59.89,50.00,0.00,0.00,0.00
GTCGAGAGGTAAGCTTCAAC,58.42,50.00,1.54,0.00,0.00
ATCACCCACAGACATGCACT,61.95,50.00,0.00,0.00,0.00
GTAACGCTCCCACTTAAGCA,60.47,50.00,2.69,0.00,40.07
TCCGGGACCTAATCAACTAC,58.65,50.00,0.01,0.00,0.00
TCGTGCATAGATAGGGAGGT,59.96,50.00,0.00,0.00,0.00
TGGAAGAGGCGTCATCTTGT,61.64,50.00,10.66,0.00,39.32
ACATCAACGATGCCCAAGTC,61.11,50.00,5.46,0.00,45.27
GACCTCATGAAGATCGGTTG,58.48,50.00,7.44,0.00,0.00
ACAGGCGAAACTATGCAAGC,61.74,50.00,0.00,0.00,0.00
GAGAATCTCAGCACGTGTAG,58.22,50.00,19.66,13.81,0.00
GCCAGATGACGGTACCATTA,59.68,50.00,14.85,0.00,0.00
TAAGTACGGCGCCTGACTAT,60.91,50.00,28.01,19.37,0.00
ATAGGCCCACAATCCTTTCG,60.26,50.00,0.00,0.00,35.43
ATAGTACCGAACGTCCTTGG,59.32,50.00,0.00,0.00,0.00
TGATCTGGTTCCGAATGGTG,60.18,50.00,0.00,0.00,37.25
AAGCTACGCAATGACAGTCG,61.17,50.00,0.00,0.00,0.00
ATGGCCATCGTCAGTGTGTA,61.71,50.00,16.19,0.00,0.00
TACTGCCGCATCGAAAATCC,61.25,50.00,0.00,0.00,0.00
CACGATACCATGGCGTATGA,60.11,50.00,14.52,0.00,40.93
ATGTGGGGATCCTAGCTCAA,60.48,50.00,13.93,0.00,0.00
ACAGTGGGTGCAGTTGTTTC,61.48,50.00,0.00,0.00,0.00
ACCCCATTCTATTGACGCAC,60.55,50.00,0.00,0.00,0.00
AGACTCCGAGGACATTTGGT,60.99,50.00,0.60,0.00,0.00
TGTACTTTGGGAATGGCAGG,60.40,50.00,0.00,0.00,0.00
CATAAAGACGACTGGGTTGG,58.69,50.00,0.00,0.00,0.00
ACCATTACGCTAGATACGGC,59.83,50.00,0.00,0.00,34.98
ATGCCGGTATTTGCTCGTAG,60.68,50.00,2.86,0.00,0.00
AATTGCCCAGTCTCCGAGTA,61.07,50.00,0.00,0.00,0.00
ACAGTGTATAGGTTGCCCTC,59.23,50.00,0.00,0.00,43.43
CAGATTTCTTGGGACAGTGG,58.60,50.00,0.00,0.00,44.04
TGTGATTCCGGTCATGCATC,60.90,50.00,0.00,0.00,0.00
CCCTATATGCGTCCTGAACT,59.09,50.00,0.00,0.00,0.00
TAATCTTGGGCTTTCCGGAC,60.18,50.00,3.63,0.00,39.82
ACAGAACGATTACGACGCAG,60.88,50.00,0.00,0.00,43.58
AGTCGCACTGCATACTGAGT,61.70,50.00,2.38,0.00,0.00
CTTACAACACAACCTGACCC,58.82,50.00,0.00,0.00,0.00
TACCTGCATAACCACGGTTC,60.18,50.00,6.24,0.00,40.64
CGGTTAGGAATGCGTCTAAG,58.57,50.00,0.00,0.00,0.00
GCTTGATCCCTAGTACGTGA,59.03,50.00,0.00,0.00,0.00
CTTACTACTGCAACCCCATC,58.10,50.00,0.00,0.00,0.00
AAAGTCCCTGCGATTACTCC,59.90,50.00,0.00,0.00,0.00
TTACTCATGTCAGAGGTCCG,58.96,50.00,0.00,0.00,41.48
TACGTCCCTGAAGTTGCAAG,60.40,50.00,0.00,0.00,0.00
GGTGCTTAAAGGACGACAGA,60.11,50.00,0.00,0.00,39.94
CGGAACAAATCGGTTAAGGC,59.97,50.00,0.00,0.00,0.00
GCTAAGCGGGCTTACATAGT,60.04,50.00,10.97,0.00,38.81
GAAGAAAGGTTTGCACGACG,60.46,50.00,0.00,0.00,0.00
CTGGGCTGTTGTAATTTGGG,59.54,50.00,0.00,0.00,0.00
GCAAGGATTCGGTAACCACT,60.47,50.00,0.00,0.00,0.00
CATCCGCCGAACCCTATAAT,59.82,50.00,0.00,0.00,0.00
TCGGGCTAACCATCTAAGGA,60.18,50.00,0.00,0.00,41.45
GGATCAGGGTTGCATTGCTT,61.42,50.00,11.72,0.00,0.00
CGTTACGAAGGGAACAATGG,59.34,50.00,0.00,0.00,0.00
CCACGGCAAATGTCAACATG,60.82,50.00,0.00,0.00,38.23
AACGTCGACCTAACGAGTAC,59.62,50.00,11.93,0.00,44.22
TTCCTTGGCTTTGGCAGTTC,61.56,50.00,0.00,0.00,41.49
CTACTGGTTGGCTCGGAAAT,60.18,50.00,0.00,0.00,0.00
CACGTTTAGATCGGCTAGTC,58.30,50.00,0.00,0.00,0.00
CGCTAACAGAGTGGGTGAAT,60.18,50.00,0.00,0.00,33.09
GCGCTAGAAGTTTCCTCATG,59.13,50.00,0.00,0.00,0.00
GCCTTGCCCCGACTAATTTT,61.41,50.00,0.00,0.00,0.00
AAGACGAGGGCGCATATCAT,61.92,50.00,11.76,0.00,43.53
CGTGACTGTGCACATTAGCA,61.38,50.00,23.92,14.85,44.28
CTTGTCTCACGTGGACATTC,58.99,50.00,30.56,13.02,44.05
CCAGTGTCGCAGATTGGAAT,60.83,50.00,0.00,0.00,42.30
GTCAGGCTAAAGGTCTCTCT,58.58,50.00,0.00,0.00,0.00
ACGTAGACATCTCGCACTGA,61.11,50.00,0.00,0.00,0.00
CGGCACAGAGGAATATCTTG,58.55,50.00,0.00,0.00,0.00
TCTCGATTACGGTGACAGGT,60.76,50.00,0.00,0.00,40.98
CCTCTAAACTCGGTCAGGTA,58.29,50.00,0.00,0.00,0.00
AGCCCACAGAAGCTACAAAC,60.69,50.00,0.00,0.00,39.60
GTAGGGATTGGTCGAGTTCA,59.24,50.00,0.00,0.00,0.00
CGATGACTCAGAGCACCATT,60.26,50.00,0.00,0.00,0.00
CTCCGTTTTAAGGGGTGAAC,58.90,50.00,3.18,0.00,36.12
TAGAAATGGCGATGTACCCG,60.04,50.00,0.00,0.00,0.00
TAAAGTATCCGGTCTGGCCT,60.48,50.00,4.28,0.00,38.91
CACTGTTCACTTAACCTGCC,59.19,50.00,0.00,0.00,38.94
CGCGCAGTGAACCTAAGATT,61.17,50.00,9.66,0.00,44.58
GCGTCGAGCTGATAATTAGG,58.72,50.00,0.00,0.00,44.96
CCCCTATTTTAATGGGACGG,58.15,50.00,8.34,0.00,45.06
GAGTGATATTCGGTCGTGAG,58.01,50.00,0.00,0.00,0.00
AGTAACCACTGGAAGCAAGC,60.69,50.00,2.15,0.00,39.39
GACACTTCGTTAAGCAGCCA,61.04,50.00,0.00,0.00,37.75
GGCCCCAAATATACCCTCAA,59.59,50.00,0.00,0.00,0.00
TATCTTGATGCGTCGAGGAG,59.47,50.00,22.70,9.23,38.44
TCTAAGCTTTGAGGACTCCG,59.25,50.00,4.83,0.00,0.00
CACCTCACACATGATACTGC,58.76,50.00,0.00,0.00,35.15
GACATACATTCACGGGAGTC,58.20,50.00,0.00,0.00,46.20
TGTAGGTGCCCAACTAGACA,60.63,50.00,0.00,0.00,32.63
ATCGCCGTGGTATCAGGTAA,61.20,50.00,0.00,0.00,0.00
CGGTGATCTGTCAATCCAGT,59.90,50.00,0.00,0.00,37.63
TTAGAGGCATGGCTACACGT,61.42,50.00,25.26,8.92,0.00
GGGTTAATCCGAGCATAGCT,59.75,50.00,0.00,0.00,45.04
AAACGACTGAGGGAGAACGT,61.56,50.00,0.00,0.00,40.19
TCCGAGTATCCTGTCGACAT,60.26,50.00,22.29,9.05,40.19
GTGGCGAACTTTGACCATTC,60.18,50.00,0.00,0.00,35.76
GAGATTGATTTACGCTGCCG,59.84,50.00,0.00,0.00,41.14
TTAGAACGATGACGCGGACT,61.75,50.00,13.38,0.00,44.84
CTCCTCCGTGTTTGTATCCT,59.24,50.00,0.00,0.00,0.00
GTACAAGAGCCGCCATTTAC,59.41,50.00,0.00,0.00,0.00
CTCAGGATTGTGTCGATGAG,58.20,50.00,0.00,0.00,37.70
CTTGATTAGTCGAGCACCAC,58.78,50.00,0.00,0.00,0.00
AGTCCTTTGTACCGTTTGCG,61.32,50.00,0.00,0.00,37.95
GGCACATCCGCTCAAATACT,60.90,50.00,0.00,0.00,0.00
TAACTCTTGGAGCTTCTCGC,59.90,50.00,0.00,0.00,39.57
AATGGGGAGTGTTGACCCTT,61.53,50.00,0.00,0.00,46.41
CACCCAACTAAAATGCAGCC,60.18,50.00,0.00,0.00,0.00
GGTTACCTTAACGCTCTTGC,59.34,50.00,0.00,0.00,41.03
CATGGGTACGGCGATGATTT,60.97,50.00,17.59,0.00,0.00
CTCCTGCGTCCATTTTGTCT,60.76,50.00,0.00,0.00,0.00
CTAGGTAGTTTAGCTCCCGA,58.07,50.00,0.00,0.00,39.09
ATGTTCTAGGATTTGCCGGG,60.26,50.00,3.16,0.00,44.47
TGCGAGTTCCTAAAGTTCCG,60.47,50.00,0.00,0.00,0.00
AATGACCGGTAAGAACTCCC,59.53,50.00,9.10,0.00,0.00
CGTTACAGTGCGCTTTACCT,61.10,50.00,10.64,0.00,0.00
AGCGTTACACCTAAGCCCAT,61.72,50.00,0.00,0.00,0.00
CCGGGTACTATTGGTAGACA,58.36,50.00,0.00,0.00,0.00
TCGGTGGTGTCTGCAGTTTA,61.85,50.00,16.01,0.00,0.00
ACTCTTCAGCCTTGTCCTAC,59.17,50.00,0.00,0.00,0.00
ACTGTTCTCTCGTTGCCTAG,59.54,50.00,0.00,0.00,0.00
CGAGTCCTCCCCATCAATAA,59.01,50.00,0.00,0.00,0.00
CTGGCCCATAAGAGAATCGA,59.39,50.00,0.00,0.00,44.08
ATCCTGAATGACGGAAGCCT,61.44,50.00,0.00,0.00,33.82
CCGTACTTCAGACATTGAGC,58.78,50.00,0.00,0.00,38.83
CGAACCGTATCAGAAATGCC,59.48,50.00,0.00,0.00,0.00
GATTTCCCATGGCACTTCCT,60.48,50.00,7.61,0.00,36.22
GAGTCTTCCGGAGATCGTAA,58.75,50.00,4.89,0.00,38.36
ACCATCAGTTGACGCTTGTC,61.04,50.00,0.00,0.00,43.95
CGTCCATTTCGGCTAGTGAA,60.54,50.00,0.00,0.00,34.29
CTGTCCACCACTTTGTGAGA,59.97,50.00,0.00,0.00,40.23
CTCTTGTTGCCCTACCTTCA,59.75,50.00,0.00,0.00,0.00
TCCGGGTCAACTTAATTCGG,60.18,50.00,0.01,0.00,38.26
CCTGCTCGTATGCTTTCTCA,60.26,50.00,0.00,0.00,0.00
TGTGATTCCGCCTAGAAGAG,59.32,50.00,0.00,0.00,0.00
CGCTATGTCCAAACTGCGAT,61.24,50.00,0.00,0.00,41.81
TTTCACTTTGGGTGGTGCAC,61.77,50.00,10.29,10.29,46.70
TATAACACAAAGCCCCGGAG,59.89,50.00,1.82,0.00,0.00
ACCCTAATCCGGCGATAAAC,60.04,50.00,10.29,0.00,0.00
ACCCCGGTGCTATGATTATG,59.75,50.00,0.00,0.00,0.00
GATCGCGTAGAGAGATGCTT,59.83,50.00,6.70,0.00,43.87
CTGAACTCTGAGCAGTACGA,59.26,50.00,5.53,0.00,0.00
ATCGTAGGGAGCCCAAATTC,59.97,50.00,9.80,0.00,39.88
TGGATGGGACTGAAGGAGAA,60.33,50.00,0.00,0.00,0.00
GGTTAATATTGTCTGGCGCG,59.84,50.00,0.02,0.02,0.00
CTAACGATGCAAAGCTCCGA,60.89,50.00,0.00,0.00,0.00
CAAGGTCCAAGAGATACGCA,59.90,50.00,0.00,0.00,0.00
ACCATATTGACCCGGATTCC,59.67,50.00,1.82,0.00,0.00
GAGCTCGATGGCACTAATAC,58.35,50.00,0.00,0.00,35.04
CGAAAGAATCAGACCACACG,59.35,50.00,0.00,0.00,0.00
GAGAGAACCGCCTCTGTATA,58.45,50.00,0.00,0.00,45.18
TTGTGAAGGACGGGCCAATA,61.94,50.00,5.36,0.00,41.15
GTACCGGACACGACTAAACT,59.54,50.00,10.52,0.00,45.71
CTCCATACTTGCTCCCGTTA,59.32,50.00,0.00,0.00,0.00
CAGCACCATATCTTGATCCG,58.62,50.00,0.00,0.00,0.00
GCATCAGATTGCACTAGGAC,58.83,50.00,0.00,0.00,43.74
TAAAGGTCCCACGGAGAAAC,59.75,50.00,0.00,0.00,31.71
ACCCCTATCTACACGACCTT,59.81,50.00,0.00,0.00,0.00
AACATGCTATACCCGGATGG,59.75,50.00,1.82,0.00,36.82
GCATGTTTGGAATCGTAGCG,60.39,50.00,0.00,0.00,0.00
ATGGAGTGCCTAAGCTGGAA,61.37,50.00,0.00,0.00,41.81
CTCATGATCGGCTGTCAAAC,59.41,50.00,0.00,0.00,0.00
ATTGGAGTATCACACGCGGA,61.77,50.00,13.38,0.00,37.85
ATTCGCGTCAGCTCCCTATA,60.98,50.00,6.70,0.00,43.29
ATAGGCAAGACCCAAGCGAT,61.80,50.00,0.00,0.00,41.93
GTACCGCTTTACTTTCCACC,58.98,50.00,0.00,0.00,0.00
ACTCTTCCTGCCGAAATTCG,60.83,50.00,10.40,10.40,40.96
ATGGCTGGCAATTCTAACCC,60.84,50.00,9.77,0.00,0.00
ACGCTATCTGCCTTACGAGT,61.19,50.00,0.00,0.00,39.81
ACAGTGTCTAGATCACGCAG,59.62,50.00,16.99,14.43,41.52
CAGCCGAAACTATCTCTCGA,59.40,50.00,0.00,0.00,36.12
ATGGACTAAGGAAACGCTGC,60.83,50.00,0.00,0.00,0.00
ACTCGATCTTCCTGTCTGTC,58.96,50.00,0.00,0.00,0.00
AATAAACGGACCCTGCATCC,60.55,50.00,0.00,0.00,0.00
GAAACAGCGCTGAAAGTCTG,60.18,50.00,43.70,17.74,42.06
CGGACTTACTTGGTAACTGG,58.04,50.00,0.00,0.00,37.61
CAAGGAAACAGTCGGATAGG,58.11,50.00,0.00,0.00,0.00
TCTCACCTGCCAAGACAACT,61.51,50.00,0.00,0.00,0.00
CTTCGAAAAGTGGTGAGAGG,58.62,50.00,0.00,0.00,0.00
ACAGATCGTCGACAGTCCAT,61.12,50.00,18.42,0.00,0.00
TATGGCTCATTGAGAACGGG,59.97,50.00,19.52,0.00,0.00
CACTATTTGCTGGGCTAAGC,59.40,50.00,7.27,7.27,44.59
AATGATGTCGGGTTGAGCTG,60.83,50.00,0.00,0.00,0.00
TTAGGGCTGCCTGGTGAAAT,61.97,50.00,20.97,0.00,0.00
GAAGGCTGTCGTAGTGGTAA,59.54,50.00,0.00,0.00,0.00
CAAACCCTCCTACTTGGTGA,59.38,50.00,0.00,0.00,37.92
CCCCTGAAATAATGGAACCG,58.74,50.00,0.00,0.00,0.00
TGGCGTTATTCGGTTGTGTC,61.38,50.00,0.00,0.00,41.07
AACCCATGTAGCTCCCGATT,61.44,50.00,0.00,0.00,0.00
TGGGAATAACGCGTACAGGA,61.41,50.00,16.09,0.00,0.00
TGCCATTAATGCAACCCACC,61.71,50.00,11.80,0.00,37.24
CCGCTTTCATCACCGATCAA,61.18,50.00,0.00,0.00,0.00
GATACAGTGAAAGGAACGCC,59.05,50.00,0.00,0.00,0.00
TCAATCCGTGATGACCTAGC,59.68,50.00,0.00,0.00,0.00
TGATGTCATCTACGAGCGCA,61.82,50.00,12.42,0.00,0.00
TTGCGTTTTCACAGTCCCAG,61.54,50.00,0.00,0.00,0.00
CAACCGGCTGTGAAAGACAA,61.54,50.00,0.00,0.00,33.33
ATCCCAGGAAGCCCGTTAAA,61.67,50.00,0.00,0.00,38.55
AAAAGAGTCCGCTACAGCCT,61.64,50.00,0.00,0.00,38.94
CGGCGCGATAAGAAAACTCA,61.51,50.00,13.13,0.00,0.00
GGAAAGGACGAATTACACCG,59.06,50.00,0.00,0.00,0.00
CTAGTAGCTGTCCAAGACGA,58.68,50.00,0.00,0.00,36.73
CGCGAGCGATGTAAGTAAAC,59.84,50.00,13.95,0.00,43.80
CCATCTTTAGCGTGTACCAG,58.48,50.00,0.00,0.00,0.00
TCAGCTCCGGAACAGTGTAA,61.27,50.00,6.78,0.00,0.00
ACAGTACGTGTTCTGGAGTC,59.47,50.00,18.39,0.00,37.76
ATAGGGATCCTAAACGCCAC,59.38,50.00,13.93,0.00,42.12
TCAGGACAGTCCACACATAC,59.17,50.00,23.97,0.00,41.65
CTAAGGAGGAACTGGGGATT,58.55,50.00,0.00,0.00,43.72
GCCGTATTAACTTTGCCGTC,60.05,50.00,0.00,0.00,0.00
GTTTGATCAGGCATGGACGT,61.11,50.00,0.00,0.00,0.00
ATTAGGGTAGAGCCACTGTG,58.94,50.00,0.85,0.85,40.70
CCTAAGCGTGGAAGAATGCA,60.83,50.00,0.00,0.00,35.92
ACTTTAACCAGACGCTTCCC,60.40,50.00,0.00,0.00,0.00
CTGGTGGGACTCTGTTATGA,58.87,50.00,0.00,0.00,0.00
CCAATGTCATCGCGGAACAT,61.53,50.00,7.08,12.62,0.00
GGCATGCCCACTTGAAATGT,61.99,50.00,29.10,0.00,0.00
TGGTTACTCCCTTCGCCATA,60.77,50.00,0.00,0.00,35.74
TCAACTTCACTTTCCCACGG,60.62,50.00,0.00,0.00,0.00
ACCCCACATTGTCAGTCTGA,61.22,50.00,0.00,0.00,0.00
TCAGATGGAATGGGTTTGGC,60.77,50.00,0.00,0.00,0.00
GCTATTCCTTTGCCCCGAAT,60.91,50.00,0.00,0.00,0.00
TGTACATAGCCGCACTAGAG,59.11,50.00,0.00,0.00,35.23
CACCGAAAGACTACATCGTC,58.51,50.00,6.53,0.00,36.35
TGAAATCCCATCTCCCAGGA,60.41,50.00,0.00,0.00,0.00
GTACAAAGAATCCGTGCCTG,59.34,50.00,0.00,0.00,0.00
TTCCGTCTCAGTGTAGTCTG,58.89,50.00,0.00,0.00,37.51
GTTGTCCACGTAACGGAAGA,60.40,50.00,0.00,0.00,35.23
TCACCCAGGATCTCGTGATA,59.89,50.00,0.67,0.00,35.39
CTGACTCACCTAGTGCCAAA,59.75,50.00,0.00,0.00,41.18
TGTGCTTGGTCGGTAAGTTC,60.68,50.00,0.00,0.00,0.00
CCTAACGGAAACTCACCCAT,59.82,50.00,0.00,0.00,0.00
GATGCTTCTATTTCGGGCAC,59.48,50.00,0.00,0.00,37.21
GATAGACGCCTCATCCAATC,58.05,50.00,0.00,0.00,0.00
GGAGGAGTCGTTTGTCAGAA,59.75,50.00,0.00,0.00,0.00
CGCCCCGAATGAGGAAAATA,60.62,50.00,0.00,0.00,0.00
GACCTGGAATTTTACCTCCG,58.39,50.00,0.00,0.00,35.81
ACTAATCCAGACTGCGACAG,59.61,50.00,0.00,6.85,38.33
CCGACGCATCAGAAATACGA,60.67,50.00,0.00,0.00,0.00
TACGTCTGGTACTCACACCT,60.04,50.00,0.00,0.00,41.01
TAAACGTGGTGCTGACTACC,60.11,50.00,0.00,0.00,39.44
TCAGACTACACAAACCGCAC,60.68,50.00,0.00,0.00,0.00
GGGATCGGCGTTAGCTTTTA,60.61,50.00,7.75,0.00,45.23
TGCATTAAGACTCGACGACG,60.60,50.00,0.88,0.88,41.26
CGGCAGGTTTCTTACTGGTT,60.69,50.00,0.00,0.00,36.70
TCAAGATAGGAAAGCGGGTC,59.61,50.00,0.00,0.00,0.00
AGGAAGTCTCGCTTACCTCA,60.40,50.00,0.00,0.00,41.28
TTTCGATCGGCCACAGTTAC,60.82,50.00,17.74,0.00,0.00
GCTTTGCATTGAGAGTCCTC,59.33,50.00,0.00,0.00,40.58
CGTCATAAAGTGCGTCCGAT,60.95,50.00,0.00,0.00,0.00
TCAAGATGGGAGCCGTGTAA,61.35,50.00,0.00,0.00,0.00
ACATGCCTTAACTGGGTTCC,60.40,50.00,0.00,0.00,0.00
GAGTACAGTGAAAGAAGCCG,58.71,50.00,0.00,0.00,0.00
TTGACTAAGCTCCTGGTCCA,60.63,50.00,2.29,0.00,0.00
ACAAGCCTGACGAACACAAG,61.25,50.00,0.00,0.00,0.00
AGTCGGCAGTGATAGTTAGC,59.68,50.00,0.00,0.00,0.00
GTCCCTAAAGTGAAGCCCAA,60.04,50.00,0.00,0.00,0.00
ACGTCGGCATGCATGATTAG,61.31,50.00,32.35,18.97,0.00
ACACAGGTTAACTCGTTCCC,60.04,50.00,6.70,0.00,0.00
AAGGGCGAGAACTGGCTTAA,61.94,50.00,9.91,0.00,36.00
GGTAAGACGGATATGGGTCA,58.72,50.00,7.35,0.00,37.11
TGGGATTGGTCTAACGGTGA,60.99,50.00,0.00,0.00,0.00
CAACGCTGCAAGGATGTTCT,61.67,50.00,0.00,0.00,0.00
ACAGAAGCGATCACCCATTC,60.54,50.00,0.00,0.00,0.00
TGTATTTGCGGCAACTAGGG,60.83,50.00,18.04,0.00,0.00
ATGCCCGACTCTAACTGAAC,59.90,50.00,0.00,0.00,0.00
TCTCTCTACGCAAGCTGCTT,61.70,50.00,11.42,11.42,44.15
GTGCTCTTGACCTGCAGTAA,60.40,50.00,15.12,5.65,38.97
CGACTACATGTGTTGCGAAC,59.98,50.00,10.53,0.00,0.00
TACTACACTGTATCAGCGCG,59.76,50.00,0.02,0.02,36.22
CTGATATGTCTCGCACGTGT,60.33,50.00,19.66,0.00,0.00
ATCCCAAACTCGTGTAGGGT,61.00,50.00,22.60,12.39,42.17
TGTCCTGCAGATCTGTCATC,59.61,50.00,24.95,9.49,0.00
CCAACTGTGTGTATCGCATG,59.69,50.00,0.00,0.00,37.40
CCTAGATTTAGTTCGGGCAC,58.18,50.00,0.00,0.00,0.00
GTTTGGTTGACCGACGCTAT,61.10,50.00,0.00,0.00,40.47
CAGTCTACAATGGCTACCGT,59.61,50.00,0.00,0.00,0.00
CTTGTCCGTAACTGAGCTCA,59.83,50.00,19.00,19.00,0.00
CTGTACGCACATTCGAGTGA,60.54,50.00,17.27,0.00,43.68
GACACATAGTAATCCGCACG,58.93,50.00,0.00,0.00,0.00
TGATTCTAAGATAGCCGGCG,59.83,50.00,24.60,6.13,0.00
ACCAGTTCAGGGTTCTCTAG,58.49,50.00,0.00,0.00,36.48
CATAAGCCACTTCGGGAGAT,59.68,50.00,0.00,0.00,40.78
GTAGGCTTTTCCCTTTCCAC,58.89,50.00,0.00,0.00,37.91
ACGCCGTACTAATAGTCTCC,58.83,50.00,0.00,0.00,0.00
CTTTGACGCTAGATCTCGGA,59.40,50.00,0.00,0.00,0.00
GACTGAGGTCTGTACATGGT,58.87,50.00,0.00,0.00,40.55
CCCATCACTCCTACCATCAA,58.93,50.00,0.00,0.00,0.00
ATGCTATTCCGTATCCCAGG,59.16,50.00,0.00,0.00,0.00
AGCAACGTCTGAATCGACCT,61.98,50.00,0.00,0.00,0.00
GAGAAGGCTACGCGAAGAAT,60.33,50.00,16.94,0.00,0.00
GCTTGCGACGTGTATCAGTA,60.60,50.00,0.00,0.00,0.00
GCGGATTGGTAAGGGTACTA,59.02,50.00,0.00,0.00,0.00
AGGCAAGTGACCATGTACCT,61.29,50.00,0.00,0.00,0.00
GCTCGGGAAGATGGATGTAA,59.68,50.00,0.00,0.00,0.00
CCGTGTTCCGTGTTCAAACT,61.53,50.00,0.00,0.00,34.74
AGCCGTAACTTCTGAGAGTC,59.25,50.00,0.00,0.00,0.00
CGCAAGTCTGACACGGAAAA,61.59,50.00,12.12,0.00,0.00
CAACGCATCCTTGGATGTGA,61.11,50.00,37.42,0.86,45.34
TCGACCACCTTAAAGCACGA,61.91,50.00,0.00,0.00,0.00
GGAATACCTTCTTTTGGCCC,58.95,50.00,0.00,0.00,0.00
GCCTACTGCTGGAGTCTAAA,59.24,50.00,6.69,0.00,37.62
CCTCGTATTGGTTAAGCCGA,59.97,50.00,2.79,4.79,42.27
TCCGCTCCCTTTACTATAGG,58.13,50.00,5.71,0.00,0.00
AGTGCCCCAGCTAAGAAGAA,61.29,50.00,0.00,0.00,41.81
TCTTTCGATGGATTGCCGAC,60.89,50.00,0.00,0.00,37.93
AGAGCACAGATGAGCAACGA,61.98,50.00,6.60,0.00,35.51
CTCGCTCTGCCTGTTTATCT,59.97,50.00,0.00,0.00,0.00
CTTAACACCGTGCACTAGAC,58.71,50.00,17.48,0.00,0.00
CAGAATACGTTAAGGGGCTC,58.18,50.00,0.00,0.00,0.00
TAGAACCATACGGGCAAGAG,59.32,50.00,0.00,0.00,43.31
CTAATTACCGCGTACCTTCG,58.65,50.00,5.83,0.00,0.00
TTCACCACTGATCCAGAGAG,58.87,50.00,1.66,0.00,36.67
AGTGGGTGTATTCGAAACCG,60.47,50.00,1.51,0.00,36.22
CGTAGTTTGACTGAGGAGTG,58.07,50.00,0.00,0.00,32.33
CGTGGTCCGTAATTCACAAG,59.35,50.00,0.00,0.00,0.00
GGATAAGGATGCGGTCTACA,59.10,50.00,0.00,0.00,0.00
TCGAGAGTGTGTACCTACAG,58.32,50.00,0.00,0.00,38.55
GCCGAACACAATGAGGAAGA,60.76,50.00,0.00,0.00,0.00
TCGACAGAGTACGCACGAAA,61.94,50.00,11.71,0.00,0.00
GCCTTCAAGGACGCAATGAA,61.68,50.00,10.12,0.00,40.03
GTTGCGTAGAATAGCATGGC,59.83,50.00,0.00,0.00,44.98
CAGACTCCCATCAGTTCTGT,59.16,50.00,0.77,0.00,0.00
GAAGCTCCACATAGTCACGT,59.90,50.00,0.00,0.00,0.00
GCTAACTTCCAATGTGCTGC,60.26,50.00,0.00,0.00,0.00
GATGTGCCAACCGAACTATG,59.41,50.00,0.00,0.00,0.00
AGATTCAACCGCTGGGGATA,61.15,50.00,19.79,0.38,41.00
CCGCAGAATGGTCGACATAA,60.61,50.00,20.20,3.72,41.48
GGTGTCAGATTAGGCACTCA,59.53,50.00,0.00,0.00,43.06
CTCTGTAGCAGGCGTTAACA,60.18,50.00,7.65,0.00,33.12
CTTACAGACTTGTCCCGTTC,58.34,50.00,0.00,0.00,40.25
CATGCTCATGAAACGGTTGG,60.26,50.00,5.53,0.00,42.79
TTACCTCGTGTTCTGGATGG,59.53,50.00,0.00,0.00,0.00
ATGTGGATCGTTACGGTCGT,61.76,50.00,14.12,1.91,40.49
CAAAGGAGAAAGCAGCGAGT,61.04,50.00,0.00,0.00,0.00
TACCAGATATAATCGGCCCG,58.95,50.00,0.00,0.00,0.00
ACTTGCTCACCCGATTACAC,60.47,50.00,0.00,0.00,0.00
ACACACAGTGGATGGCATAC,60.47,50.00,3.67,3.67,39.66
TACAGCCAGGTGATTCAAGG,59.82,50.00,4.73,0.00,0.00
ACAGTGCAGAGATACAGCGA,61.41,50.00,0.00,0.00,35.18
TGCGCAGATAGGTGAATCAC,60.61,50.00,7.41,6.38,0.00
CAGATCTTGGACAATGCTGC,59.69,50.00,0.00,0.00,0.00
CGAGCACTATTCCGATTTCG,59.28,50.00,0.00,0.00,39.44
TCTGTCTAGGTAACGGCCAA,60.70,50.00,3.19,0.00,46.39
CACCATAATTGTATCGGCGC,59.91,50.00,0.70,0.00,0.00
GGCTGGCCAAGTTGTATTGT,61.34,50.00,8.59,0.00,36.68
GATTGCAAGGTTGACCGAAG,59.90,50.00,6.36,0.00,43.03
AGAAACGGCTCTTTCCCATG,60.76,50.00,5.38,0.00,33.43
CAGCAACAGGGTAAGAGGAA,59.75,50.00,0.00,0.00,0.00
AACGCAGGCTATCACTCTGA,61.42,50.00,0.00,0.00,0.00
CCGATGAATAAAGCGGGTAC,58.91,50.00,0.00,0.00,41.47
TGTTCTCCCGTAGCAGTCTA,60.11,50.00,0.00,0.00,0.00
TCTTCGAAGTTTACTCGCGC,61.16,50.00,25.43,0.00,0.00
CTGCAGGTGTACTAGTGACA,59.18,50.00,7.05,5.20,0.00
GAAAGTGTGGCCCTAGAACA,60.04,50.00,0.00,0.00,0.00
CGTGTTGAGTAAGGTGGACT,59.75,50.00,0.00,0.00,0.00
CTCGTGGTGATCATCGATAC,58.08,50.00,18.26,5.64,33.73
CCGGGCGTATCATAGAACTA,58.89,50.00,0.00,0.00,0.00
CACATAAGTAGGGGCGGAAT,59.67,50.00,0.00,0.00,0.00
TCCGTTTCAATCCCGAGAAG,60.18,50.00,0.00,0.00,0.00
TTGAGGTTCTAGCCCAATGG,59.82,50.00,0.00,0.00,0.00
GGTCGGCATAATCAAGTCAC,59.12,50.00,0.00,0.00,0.00
AGCCCGTACGCGTAAATATG,60.75,50.00,24.34,8.19,37.08
GGGAAGAACGGTTTCCTTCT,60.04,50.00,18.96,1.17,44.66
GTCCAGTTGCATTCAAGACG,59.90,50.00,0.00,0.00,33.69
TGACGGTCCCATAGCTTTTC,60.18,50.00,6.83,0.00,0.00
CTGGACGTGTATTCGGGTAA,59.61,50.00,0.00,0.00,35.74
GACTGTGATACACAACCACG,58.99,50.00,7.54,0.00,46.41
CCCACTCTGCATATCACCAT,59.67,50.00,0.00,0.00,0.00
GTGCGGCAGGTTGATCTTAA,61.11,50.00,2.81,0.00,0.00
TACAGATCAGGATGCGCAAG,60.33,50.00,18.74,6.52,36.19
TTTTGTCCAGTGATCGCTCG,61.10,50.00,7.58,1.06,0.00
TTCCTCAATTACGGACCTCC,59.24,50.00,0.00,0.00,0.00
CACACGAGGTTAATCCCGTT,60.47,50.00,0.00,0.00,41.55
TCCCACGCATGTACCATAGT,61.14,50.00,0.00,0.00,0.00
CGTGATCAATTAAGGACCCC,58.46,50.00,0.00,0.00,0.00
GCTCGTGAAAATCCAGGCTA,60.54,50.00,0.00,0.00,0.00
TACACGCTCGTAGTACTCTG,58.77,50.00,0.00,0.00,0.00
GCACAAAACGAGGACTACTC,58.99,50.00,0.00,0.00,43.80
GCAATTCTCGTCTGGAAAGG,59.34,50.00,0.00,0.00,0.00
CCTTCAGACAACGAGGAGAT,59.24,50.00,0.00,0.00,0.00
TACTAGGTTCCTGGCGGATT,60.48,50.00,0.00,0.00,41.43
CTCACGAAGGGACTACATCA,58.96,50.00,0.00,0.00,41.00
AAGACGAATACGCCAATCCG,60.96,50.00,0.00,0.00,44.84
TGACGGTCGTTCAAGACTTC,60.40,50.00,4.57,0.00,42.04
TTGGACCACCGATCAAGCTA,61.35,50.00,0.00,0.00,40.36
CCAGATATCGGCATCCTACA,58.88,50.00,0.00,0.00,0.00
CATGCGTGGGACAAATTACC,59.97,50.00,0.00,0.00,46.04
GTATCATGCATTAGTCCGGC,58.98,50.00,0.00,0.00,0.00
CTCTCGTCGAGCTTTAGGAT,59.11,50.00,19.29,0.00,33.76
AACGCGGAAAGTAGACAACC,61.03,50.00,13.38,0.00,0.00
AAAGGTGCGGGGATAGTTCT,61.37,50.00,0.00,0.00,0.00
TATATATTGTGGAGCGCGGG,59.90,50.00,9.77,0.00,0.00
TCCTCCTTTCCCTCCATTCA,60.34,50.00,0.00,0.00,0.00
GGAGAGCATACTTAGGGGAA,58.34,50.00,0.00,0.00,0.00
AAGAGTGGTAGTAGGTCGCT,60.11,50.00,0.00,0.00,0.00
CAATCTGGCGATTACGGTAG,58.64,50.00,6.34,0.00,40.04
GCACGGAGTAACAGGTTAGT,59.83,50.00,1.26,1.26,44.10
CGGACTATTCGAACATGCAC,59.49,50.00,0.00,0.00,0.00
AGGCACGGATCGTAATTCTC,60.04,50.00,0.00,0.00,40.61
ATAAGCTAGCACGTCCCTAC,59.10,50.00,20.15,0.00,0.00
GTGGCAAATTCTCCTGCTAG,59.04,50.00,0.00,0.00,40.05
TAGATTACTGGTGGCCTCAC,58.94,50.00,4.28,0.00,43.62
CCTATGACAACGCGTTTGAG,59.70,50.00,26.17,16.12,40.30
CCTGCTTTAGTTGAACAGGG,58.89,50.00,0.00,0.00,45.25
AGGTTCACTGGCACAAGTTG,61.19,50.00,1.36,1.36,40.58
AGACCTGAAATGCGAGTCAC,60.47,50.00,0.00,0.00,0.00
CGGCGAATAAGCTTTGGTGA,61.46,50.00,4.83,0.00,38.11
AGATAATTACTGGCGGGGTG,59.67,50.00,0.00,0.00,0.00
TCGTCTTATGAGAGCCTGCT,60.84,50.00,0.00,0.00,32.98
AGTGTTACGGAGGCCTATCT,60.18,50.00,6.22,0.00,0.00
AACCTCACCCATCTAGCAAC,59.82,50.00,0.00,0.00,0.00
GATGACACTAGCGAACTCTG,58.22,50.00,0.00,0.00,0.00
CAGTCGCCCAAGTATTATGC,59.20,50.00,0.00,0.00,0.00
GCCCTCTCCAACTCTGAATA,58.94,50.00,0.00,0.00,0.00
AATCAGGTGTCGTTACTCGG,59.90,50.00,0.00,0.00,41.11
AGACAGTGTCTATCTCACCG,58.67,50.00,26.57,0.00,43.99
ACTTTATCCCCTCACGCTAC,59.32,50.00,0.00,0.00,0.00
CAGCAATTTGACGCCTCTCT,61.11,50.00,0.56,0.00,0.00
TTGTGCCCAGTCTACTTCTC,59.46,50.00,0.00,0.00,0.00
ATACCATCCCGTTCAGAAGC,59.97,50.00,0.00,0.00,0.00
GGCTACTCATCGTTGAATCC,58.55,50.00,0.00,0.00,0.00
ACCACTTGGGGTACTTCTTG,59.67,50.00,0.43,0.00,42.07
GTGTCTCGCTTGATCTTCCT,59.90,50.00,0.00,0.00,0.00
TATAACCGGAAGTAGGTGCG,59.40,50.00,10.52,0.00,43.85
TTCGAGGTACGCCAATTGGA,61.99,50.00,30.76,6.22,43.07
CACGACCAATGAAATCCTCG,59.41,50.00,0.00,0.00,0.00
GTACATGAGCACCCTTACAG,58.11,50.00,0.00,0.00,0.00
CAGCAGTCGTGAACGGTTTT,61.87,50.00,3.84,0.00,41.13
GATTCTTGCCTCATCCGGTA,59.68,50.00,0.00,0.00,0.00
TACCTTCTGTGCCTACGGAT,60.48,50.00,0.00,0.00,43.70
CCAATTCGGATACAACAGGG,58.75,50.00,0.00,0.00,38.00
CGTTCAAAGCACTGGATGGT,61.33,50.00,0.00,0.00,43.33
TTACTGTGCTAGGATCGCTC,59.40,50.00,0.00,0.00,0.00
AACGTCGTTTCTGAGAGGGT,61.56,50.00,6.32,0.00,0.00
CTCACAACCCCTGCTCATAA,59.82,50.00,0.00,0.00,0.00
TCTAATACTCTCCCGGTGCT,59.89,50.00,0.00,0.00,0.00
TGCAACCGGACTATCTACAC,59.61,50.00,10.52,0.00,0.00
AAACGTTTGAGGGATCCGAC,60.76,50.00,15.73,4.02,0.00
AAGTGTCCTGAAGAGGCTAG,58.87,50.00,0.00,0.00,41.28
GGGTTACAAGCTAGTTCTGG,58.02,50.00,0.00,0.00,0.00
GGAGTTTCAAGTGTCAGTCG,58.92,50.00,0.00,0.00,0.00
GTCATGCCCGGTTGTTAAAG,59.90,50.00,0.00,0.00,0.00
GTAGTGAGCCATTGATCTGC,58.83,50.00,0.00,0.00,0.00
CGGACTGTGGACACTGTAAT,59.83,50.00,15.54,0.00,44.14
TTGATAGCCCTCATGCGTGA,61.78,50.00,10.41,10.41,36.97
ACCTTCATAGCGATCCCTCA,60.55,50.00,0.00,0.00,0.00
TAGTCGAAACGGGGTCTGTT,61.27,50.00,0.00,0.00,0.00
CCGTACAGATACCTACGACT,58.18,50.00,0.00,0.00,40.36
TTCACCTTAAGGAGCGACCA,61.28,50.00,30.23,2.70,42.97
TTCCCTGCTAGTCCCAAAGA,60.63,50.00,0.00,0.00,0.00
GCTCTTCGTTACTGACTGCT,60.18,50.00,0.00,0.00,0.00
TGAGGAGTGCTGGCTTATCA,61.07,50.00,0.00,0.00,0.00
GACGCAATATGACGTACCTC,58.65,50.00,5.37,0.00,45.53
AGTGCCACTCTACCGTCTTA,60.40,50.00,0.00,0.00,0.00
GGTTACCTTGGAAATTGCGC,60.54,50.00,0.00,0.00,0.00
TTTCCATCCACGCACTAGCT,62.00,50.00,0.00,0.00,40.13
GAAATGTTTGGCCGGGATCA,61.41,50.00,3.16,0.00,0.00
TAAGATCATACTCAGCGGGG,58.80,50.00,0.00,0.00,0.00
CGGTATTTCCTGTTTACCCC,58.38,50.00,0.00,0.00,35.21
ACGATGGCTCTGCTACGATA,60.98,50.00,0.00,0.00,0.00
CAACGTCCCTGTTAAGTTGG,59.19,50.00,0.00,0.00,40.26
CGAGTACATTGGAAGAGGCT,59.61,50.00,0.00,0.00,0.00
ACTTGTTGGTCCTTCGAGTC,60.04,50.00,0.00,0.00,0.00
TAGCCAGGGTAGCGTATAAG,58.51,50.00,0.00,0.00,35.62
TACTGTTCGGCTCGAGAAAG,59.90,50.00,20.18,7.64,39.00
TTATGGACCTGAAGCCGTTG,60.47,50.00,0.00,0.00,0.00
CGTATGTATCGGCGTGAACT,60.40,50.00,7.75,0.00,0.00
CATCAACAGCAGGTTTTCGG,60.18,50.00,0.00,0.00,39.85
CAACCTAAGCGTGGTATGAC,58.77,50.00,0.57,0.00,38.52
ATTACGAGGCATGAGGTCCA,61.14,50.00,0.00,0.00,0.00
CACGTTTTCAGTCATGCCAG,60.18,50.00,0.00,0.00,0.00
TAAACCTGGAAGTTGCCTGC,60.98,50.00,0.00,0.00,0.00
ACTCCCATTCTGAGAGCAAG,59.53,50.00,0.00,0.00,35.27
GTCGTTGGTGGGTTTTAGAC,59.19,50.00,0.00,0.00,0.00
AGTTAATACCCAGCAGTCCC,59.23,50.00,0.00,0.00,0.00
TCGTTGACGTCTAACTGGAC,59.83,50.00,19.19,4.85,41.58
TCTTGCTTTCCAGGCTCAGA,61.58,50.00,0.00,0.00,0.00
ACAGCACCACAGAATCATGG,60.76,50.00,4.26,4.26,42.90
CAGGGACCATCTGACCTTTA,58.86,50.00,0.00,0.00,35.86
AACCGGTAACCTGACACTGA,61.21,50.00,9.72,0.00,0.00
AACTTACAGACAACGTCGGG,60.40,50.00,0.00,0.00,39.30
CGCCTCCAGGATAAGTAACA,59.32,50.00,0.00,0.00,38.53
GAGCGTAGGTGTGTCTAATG,58.21,50.00,0.00,0.00,41.75
ACAGACTGAGGGAGCATACA,60.41,50.00,11.47,0.00,0.00
GTATTGGCCAAGTGCTCACA,61.05,50.00,26.68,0.00,41.88
CAGGTATCTAGCGGAGTGTT,59.03,50.00,0.00,0.00,0.00
AGTCGGTATTGGACTGTTCG,59.90,50.00,0.00,0.00,44.94
CGACCGCTATGAAGTTAGTC,58.30,50.00,0.00,0.00,0.00
GTATTACGAACCGGCCAACA,60.82,50.00,0.00,0.00,0.00
CAGCCCTGAACCATTAACCT,60.11,50.00,0.00,0.00,0.00
AGCCCAGACAGAGACTTCAA,60.92,50.00,0.00,0.00,0.00
TATGGAACGGTAGCTATCGC,59.54,50.00,28.00,12.95,33.85
GTAAGGCGAACAACTGGCAA,61.61,50.00,0.00,0.00,0.00
GGAGTGGTTTAGATGCAGGA,59.53,50.00,0.00,0.00,0.00
CGGCTGGAAGTGTAAGGATA,59.32,50.00,0.00,0.00,36.70
GTTCCCGAAAGACTTTCACG,59.56,50.00,25.76,15.60,41.21
CCACTATCCTGGCTTTCAAG,58.38,50.00,0.00,0.00,0.00
CGCTTTGCTAGTGTAGTTCG,59.42,50.00,0.00,0.00,0.00
CAAGGCGACCATTTGCTTGA,61.96,50.00,0.00,0.00,33.48
ACTGGTTCCTCTTACACGTC,59.47,50.00,0.00,0.00,0.00
TGGGGAGGAACTGGTTCTTA,60.26,50.00,13.70,0.00,43.72
CTCTCTTGGGCACTAACTCA,59.17,50.00,0.00,0.00,0.00
CGCAATAACTGTTACCCGCA,61.45,50.00,3.54,0.00,0.00
CTCAAGGGGTTTTGGTTGCT,61.21,50.00,0.00,0.00,0.00
GCACGGATCAAAGTAAAGGG,59.33,50.00,0.00,0.00,0.00
AGGCTCGCCGTTTAGAATAC,60.33,50.00,2.96,0.00,42.85
GAGTAACTCAGCGTAGGTCT,58.68,50.00,0.00,0.00,35.91
TGGGGTAGAGACGAAAGCTA,60.11,50.00,0.00,0.00,0.00
ACGACCTTGGTAGTCCACTA,60.04,50.00,1.68,0.00,45.92
TCATAGCAAGGAAAGAGCGC,60.90,50.00,0.00,0.00,0.00
GGTCTCTGCTGCCATTCTTA,59.89,50.00,0.00,0.00,0.00
GTGGTGAGTTATGAGCCAAC,58.97,50.00,0.00,0.00,0.00
AGACGTAATGGGAGCGTAAG,59.69,50.00,0.00,0.00,40.62
CCGGTAAGGGTTTACTCAGA,58.87,50.00,0.00,0.00,40.98
GTAGCCTTTATGACTGGACG,58.20,50.00,0.00,0.00,0.00
CTGATGTTATTCGACGCTCC,58.93,50.00,0.00,0.00,0.00
ACTGTAGCCTTGCTGGAGTA,60.70,50.00,0.00,0.00,42.05
CTCGTGCTAGACAAGTAGGT,58.97,50.00,0.00,0.00,0.00
CACACGGACAATTCTGGCAA,61.61,50.00,0.00,0.00,33.25
CGTAATAGCACGTCACATGG,59.21,50.00,0.00,0.00,38.59
AATGGTCATTAGGCCACCAG,60.18,50.00,18.48,0.40,45.71
TCTACCGCTATACCTGGGTA,59.00,50.00,3.34,3.34,35.47
AGTGATCTGGAAGTTGTCGC,60.47,50.00,0.00,0.00,35.00
GTGGTTGCCTCTGAGTTTCA,60.62,50.00,4.89,0.00,0.00
AACGTAGCTGGTTACCCCTA,60.41,50.00,0.00,0.00,0.00
GCAACACCTATATTCCGTCC,58.55,50.00,0.00,0.00,0.00
AGACAGCTACGCATAGACCA,60.84,50.00,0.00,0.00,0.00
TGTATCGGCCCGAATGATAG,59.54,50.00,13.42,0.00,41.89
GCTGTCGTTGTTTCTGTGGA,61.25,50.00,0.00,0.00,0.00
CCCTGATACAGTCTCCCATT,58.63,50.00,0.00,0.00,0.00
GGCACACCGACTAGAAAAGA,60.11,50.00,0.00,0.00,0.00
GCAAATGTGTTGCAGGTGAC,61.03,50.00,7.73,0.00,45.66
GAGACGCTAAGTTCGAAAGC,59.42,50.00,11.96,11.96,0.00
TTGCCCTAACGTATCTGGGA,60.77,50.00,17.71,3.79,43.68
AGTTCCCAAAAGCGTCTTGG,61.26,50.00,8.99,8.99,43.87
GTCCCATGTTCAGGCGATAA,60.26,50.00,0.00,0.00,0.00
CCTTAAAATGGCCACCGTCA,61.05,50.00,9.97,0.00,0.00
TGACGCTGATCGCCAATAGA,61.83,50.00,5.70,0.00,44.25
TAGCCCGGCAAGAATAGCAT,61.87,50.00,14.50,0.00,0.00
CATCGCACTTGCTAGGTAAG,58.85,50.00,0.33,0.00,40.27
CAGGTGTGAGATAATCCGCT,59.68,50.00,0.00,0.00,0.00
CAGATGACCCCGGATAACAT,59.38,50.00,1.82,4.23,0.00
AAAGAATGCCCGTTCTCTCG,60.83,50.00,5.31,0.00,39.67
GCCAATATCCTATGCTCCGT,59.82,50.00,0.00,0.00,0.00
TTGACTAGGCTTCAGTTGGC,60.40,50.00,0.00,0.00,0.00
CGGACTCTGAACAGACTAGA,58.31,50.00,0.00,0.00,34.71
CGCTGTAATCACTGAACCTG,59.06,50.00,0.00,0.00,0.00
AACCAAGATACGTCCACCAC,60.11,50.00,0.00,0.00,0.00
GGGCTGCTGTACTTATCTGT,59.60,50.00,0.00,0.00,0.00
TTCCGCAAGTCTCCACATAG,59.90,50.00,0.00,0.00,0.00
CAATGCGTGGAGGAAGAGTT,60.76,50.00,0.00,0.00,0.00
TGCGGAAATCGGGTTATGAC,60.90,50.00,0.00,0.00,40.56
TCGAACGACCCAGCTATCAT,61.20,50.00,0.00,0.00,0.00
CCTGTTGGTGAGTGGTAAAC,58.82,50.00,0.00,0.00,0.00
GTTAGCGTTCTTCCAGAAGG,58.70,50.00,9.06,4.21,43.19
CCTAGGACTGATGCCTACTT,58.34,50.00,2.73,0.00,38.44
TAGTCTGAGGGATGGCCATA,59.59,50.00,22.89,2.75,36.27
GTCATTGCTCCTAGTTCGCA,60.54,50.00,0.00,0.00,0.00
ACCGGGTATACCTAAGCTAC,58.14,50.00,22.85,3.82,38.08
AGGGGATGCAATACGGTAGA,60.56,50.00,0.00,0.00,0.00
AGACCGGGTTTAAGTCTGGT,60.92,50.00,7.28,11.52,46.03
GTACTCAATTGCACGGTTCG,59.98,50.00,0.22,0.00,0.00
CTGCCATCACAGACGTTCAA,61.04,50.00,0.00,0.00,41.99
CCGGCGGTTAAACCACATAA,61.11,50.00,21.39,0.00,40.68
TCTTCATGCTGCTGCTCTGA,62.00,50.00,18.15,16.96,41.33
ACTCTCTCCGTCTTCTCGAT,59.89,50.00,0.00,0.00,0.00
TGGTGGGGTTTAAGTGGTTG,60.55,50.00,0.00,0.00,0.00
ACGTGTTTGACTGTACCAGG,60.33,50.00,0.00,0.00,37.25
CTGTATGAGGCACACTTGAC,58.69,50.00,0.00,0.00,0.00
TAAGCCGGACAACGTCTTGA,61.91,50.00,6.13,0.00,44.40
GATGAAGCCGCAGTTCGTAT,60.96,50.00,0.00,0.00,37.17
TTACCGTTCATCCTAGCTCC,59.02,50.00,0.00,0.00,0.00
CGGGTTCATCATCCAGTAAG,58.18,50.00,0.00,0.00,0.00
GCTACCTTTACTGGTTCGCA,60.47,50.00,0.00,0.00,42.61
GGTGTACGCAAACAGGAAGA,60.68,50.00,10.23,0.00,0.00
TAGCGCTTCCACCCCTAAAA,61.65,50.00,20.33,0.00,0.00
AAGAACGATAGCAGTACCGC,60.33,50.00,0.00,0.00,42.67
GTTTTGACCTTCCTACGACC,58.62,50.00,0.00,0.00,0.00
CAGCACATCATAGGGCATAC,58.61,50.00,0.00,0.00,0.00
GGTTGCGGCATTATATCACG,59.91,50.00,3.83,0.00,0.00
GATGGTAATGGTGCTGCACT,60.83,50.00,31.04,16.37,35.93
GGAAACCCTACACTACATGC,58.39,50.00,0.00,0.00,0.00
AGAGTGCTAGGAACGAACGA,61.05,50.00,0.94,0.00,0.00
ACCACAGCCAATAAGAACGG,60.76,50.00,0.00,0.00,0.00
TCGGTATGAGCGATGAGAGT,60.62,50.00,0.00,0.00,46.11
GTTAGCTTTGTCTGCCTGCA,61.33,50.00,0.00,0.00,0.00
TGCGAGTAGAGACGGACATA,60.26,50.00,0.00,0.00,0.00
GTTCTTGTCCTGAACGAGGT,60.04,50.00,0.00,0.00,44.95
CTGGGACTGGAATCAACATG,58.67,50.00,0.00,0.00,0.00
GCTGTTTATGCGTCGTCTTG,60.32,50.00,0.00,0.00,0.00
TTACGGCCCACAGTTGATAG,59.90,50.00,0.00,0.00,0.00
TAAGAGAAAAGCAGCTCCGG,60.18,50.00,0.00,0.00,0.00
TAAAGAGGTGCCGTCTGTTC,60.11,50.00,1.00,0.00,0.00
GTCGTGAAGAGAAGAGTGGA,59.18,50.00,0.00,0.00,0.00
GGGAATACTTCTGAGGTCGA,58.66,50.00,0.00,0.00,0.00
TCTTGGGTGTCATAGCAGAC,59.53,50.00,0.00,0.00,39.71
ATGTGGCCTGAGTGGATGTA,61.07,50.00,4.28,0.00,39.50
CCGGTCAGTTTATTCTGTCC,58.40,50.00,0.00,0.00,40.58
TTGCATGAGCCCTAAGCCTA,61.44,50.00,0.00,0.00,46.74
AGGTCGTTGACATCTTGAGC,60.47,50.00,0.00,0.00,35.44
GACGACGTCTCGCAAAATCA,61.43,50.00,22.16,0.00,46.07
AGGTCCGCGCCATATTATTG,60.76,50.00,0.00,0.00,0.00
TTCTGCGATATCCCGGTATC,59.25,50.00,0.00,2.59,0.00
AACTATAACGGGCTTGGTGC,60.83,50.00,0.00,0.00,41.94
CCGTCCTGAACTATCGAGAA,59.04,50.00,0.00,0.00,0.00
CGCTGATGAAGAAGAGTCCT,59.61,50.00,0.00,0.00,0.00
GATTCACAGCCTAATAGCGC,59.27,50.00,0.00,0.00,39.00
CCGATTAAGGCCTGTATGGT,59.67,50.00,7.47,0.00,39.27
GTTATAGGCAGTCCAACGCA,60.54,50.00,0.00,0.00,34.79
GCCGTCATATGAAAGCGACA,61.24,50.00,9.01,0.00,0.00
GGCCACCCTTTTACGAAAAC,60.11,50.00,0.00,0.00,0.00
CTTATTGGCTCGCAAACCGA,61.46,50.00,0.00,0.00,46.09
TGAATCCAGGCCAAAAGGTC,60.70,50.00,6.00,0.00,0.00
GTTTGAAGGGTTATCAGGCG,59.33,50.00,0.00,0.00,0.00
CAATAACCCCGAGTAACCGT,59.90,50.00,0.00,0.00,0.00
TTCCGCTGCCTTAAACATCG,61.46,50.00,0.00,0.00,0.00
TTGGGGTCTGGTTATTCGAC,59.82,50.00,0.00,0.00,0.00
TGGATTAACGCTATCCCTCG,59.47,50.00,9.75,0.00,42.64
GATTTCGAACTGCCGCATAG,59.84,50.00,0.00,0.00,0.00
GACCGTGCCTTCGTTATATG,58.92,50.00,0.00,0.00,0.00
ACATACCCACGGGATAGGAA,60.18,50.00,11.14,0.00,39.83
AACGCCCTACAGCCTGTAAT,61.72,50.00,8.17,0.00,34.18
GACGTTATTGGGTCGGATCT,59.68,50.00,0.00,0.00,0.00
GATAGAAACTCTGGCTGCCA,59.89,50.00,23.72,23.72,0.00
GGCATACAAGAGAGGTGATG,58.18,50.00,0.00,0.00,0.00
CGCGAGACTAGTTTAATCGG,58.66,50.00,0.00,9.71,35.47
TCAAGCAACTTCCTTGTCCC,60.62,50.00,0.00,0.00,41.94
GATTAGCTTGAGGATGCTGG,58.53,50.00,0.00,0.00,41.55
TGGACAGTGCATGAGGATAC,59.60,50.00,0.00,0.00,0.00
TGCTCCAGAACGCATAGAAC,60.54,50.00,0.00,0.00,0.00
TGTTGACCAGCATGACAAGG,60.98,50.00,0.00,0.00,41.58
GGTGAAAGTTGTACCCCAAG,58.82,50.00,0.00,0.00,34.46
TGCAGACGTTCACTAGGATG,59.90,50.00,0.00,0.00,0.00
TCTAAACCATCTCCCGCTAC,59.02,50.00,0.00,0.00,0.00
ATCTACTTGGGATCTCCTCG,58.13,50.00,0.00,0.00,37.12
TGCCTCAGATTCTACTGTCC,58.95,50.00,0.00,0.00,39.96
TAGGATTCGAGTTGGTGGTC,59.24,50.00,0.00,0.00,0.00
AATTGACGGACCTACCCAAG,59.82,50.00,0.00,0.00,35.64
GCTGTCTCTTATGCATCGAC,58.92,50.00,1.91,8.65,0.00
TCTGTCCCACTTCCACGAAA,61.50,50.00,0.00,0.00,0.00
ACCCCGGAATGTCATCGATT,61.79,50.00,1.82,0.00,0.00
GACTTGGACCCTTTACACCT,59.38,50.00,0.00,0.00,0.00
ATATCCTAGGAAAGTGCCGG,59.09,50.00,19.27,0.00,0.00
AAGATAAGGAGGCCAGTCGA,60.48,50.00,6.00,0.00,0.00
CTTACGTGATTGGTCTCCGA,59.61,50.00,0.00,0.00,0.00
ATAATACCTGGTCGGACGTG,59.39,50.00,2.29,0.00,37.23
CATCCAGGGTAGGCTTCTTT,59.52,50.00,0.00,0.00,0.00
GGACCGGGAACATTTGATTG,59.61,50.00,7.28,0.00,0.00
CGTTTGGCAGGCTAACAGAA,61.32,50.00,20.47,0.00,0.00
GCACTGGCAAAACTACCATG,60.18,50.00,0.00,0.00,41.68
CTTACCACCGGTCTTCCAAT,59.82,50.00,4.40,0.00,38.83
GTACGCAAGCAGATCTGGAA,60.54,50.00,25.49,0.00,45.62
CATCAGGTCCAGAGCCTAAT,59.01,50.00,0.00,0.00,36.11
GACTGACGTAAGGTGACTGA,59.18,50.00,6.42,0.00,44.39
CCTTGCGAAACCTGAGACTT,60.69,50.00,0.00,0.00,0.00
AGGATAACTGTGTAGCGGGT,60.77,50.00,0.00,0.00,0.00
GTTGTAGGAATACATGCCGG,58.83,50.00,0.00,0.00,0.00
CTCGTTGGTGCAAGAGACAT,60.75,50.00,0.00,0.00,34.32
CTCACCATGAATTTTGCCCG,60.26,50.00,0.00,0.00,0.00
GACGCACAAAAGTGGACTGA,61.25,50.00,0.00,0.00,0.00
TGCATTACTTGATGGCCAGC,61.48,50.00,17.87,17.87,0.00
AACGGTGTAGAGTAGGAGGA,59.45,50.00,0.00,0.00,0.00
CATCGTGGGAGCTTTGACAT,60.83,50.00,0.00,0.00,0.00
CCAATGCTTACTCTTTGGGG,58.96,50.00,0.00,0.00,39.32
AAGGTCGTAGTAACCAGGCT,60.70,50.00,0.00,0.00,40.98
TCAATCCTGTCTCATGACCC,59.23,50.00,0.00,0.00,43.74
GCCTTGAAACGAGACACTAG,58.71,50.00,0.00,0.00,0.00
TCTCCTACGGTCCAAAACTC,59.17,50.00,0.00,0.00,0.00
CGATCCGTCATTGACTCACT,59.97,50.00,16.04,0.00,0.00
GAAGGGCTTCACGTCGATTA,60.26,50.00,0.00,0.00,40.64
AGTGTCCATGAGTGTGGTCA,61.21,50.00,0.00,0.00,41.64
GCTTGAAATTTCCCCTCGCA,61.69,50.00,17.07,0.00,0.00
TCGGGGCATTTCTATCGATG,60.11,50.00,9.95,0.00,0.00
AATTGTCCAACCTCCCGAGA,61.29,50.00,0.00,0.00,0.00
TACGTACCCTCCTACGATGA,59.31,50.00,7.29,0.00,43.75
TACCTTTTGCGGTGAACCTC,60.69,50.00,0.00,0.00,39.61
ACCGTTTCACCATCCCCTAA,61.30,50.00,0.00,0.00,0.00
TTACCGTTCCTGCTCATCGA,61.41,50.00,0.00,0.00,0.00
AGCTTCCCGTCAGTTGATTG,60.76,50.00,0.00,0.00,0.00
TAGCTTCAGGTGCGTTTCCT,61.93,50.00,0.00,0.00,36.34
CAGCATGATATACGAGACGC,58.79,50.00,0.00,0.00,41.58
AATCGAACGAGACTCCGCTA,61.18,50.00,4.09,0.00,0.00
CAGTTCCATCGAGTAACCCT,59.24,50.00,0.00,0.00,0.00
AAGGGCGATAGTAGCTTACC,59.10,50.00,0.00,0.00,39.35
CTTCGCGTTGAATCCCAGTT,61.39,50.00,6.70,0.00,37.45
GATGTTCCCATTTTCGTCCC,59.33,50.00,0.00,0.00,0.00
AATTCCGTACTAGGTCTCGC,59.40,50.00,0.00,0.00,0.00
CCCTGCATTTTACCGTCTTC,59.33,50.00,0.00,0.00,0.00
AAACACTACACCGGACTGGA,61.21,50.00,10.52,0.00,43.37
GAATTGCCGTGAATAACCCC,59.69,50.00,0.00,0.00,0.00
ACATGATATGGAGGGGCAGA,60.56,50.00,0.00,0.00,34.59
AAGACGGGACATTGGACAAG,60.40,50.00,0.00,0.00,0.00
CTCCGATAACATCCGAGTCT,58.82,50.00,0.00,0.00,34.30
GTACCTGGAACTTCCACGTA,59.17,50.00,8.61,12.76,45.50
TCGAACTTCTAGGAATGGCG,59.97,50.00,0.00,0.00,0.00
AGTTCCTCGATATAGGCGGA,60.04,50.00,0.00,0.00,38.09
CTCCCTTTCGATACCACCTT,59.23,50.00,0.00,0.00,0.00
CTGTTCAGACCTTGAGCCAT,60.11,50.00,0.00,0.00,38.37
AGTGCGAGGCATATTACCGT,61.84,50.00,0.00,0.00,43.84
TCCACGCTAAGGTGTAACTG,59.83,50.00,0.00,0.00,37.70
GTATCTCCTGAAGCGGTACT,58.74,50.00,0.00,0.00,0.00
GCATGTGCTAGGCTGTAAAC,59.69,50.00,0.00,0.00,39.09
GTTCAGTCTATGCATGACGG,58.85,50.00,11.59,16.46,40.54
TGACGTCTTCCTGCGTACAT,61.69,50.00,19.19,0.00,43.29
AGAAGGGTGTGTTTCTCCAG,59.67,50.00,0.00,0.00,0.00
AAGTGCAGACGTAGCCTAGA,60.77,50.00,11.09,0.00,0.00
GTGTCAACCAACCACCTACT,59.97,50.00,0.00,0.00,0.00
TCCTTCGGCCAAATTGTAGC,61.12,50.00,3.19,0.00,0.00
AGACTCATGCCTAAACTGCG,60.54,50.00,0.00,0.00,0.00
AACCAATGGCCACTTGAACC,61.57,50.00,23.90,0.00,0.00
TAGTGTGAGGTCCAGCTTCA,60.63,50.00,0.00,0.00,0.00
ATACGCGGCTAGACCAATAG,59.54,50.00,13.38,0.00,40.37
GCGCGTATGTTCGGTAGAAA,61.23,50.00,9.34,0.00,39.93
TGACTGAGTCAGCGAACACT,61.55,50.00,22.00,0.00,40.09
GTTCTTAACACGTCAGCACC,59.56,50.00,0.00,0.00,0.00
AGACTGTCAGCGAAGGAACA,61.56,50.00,12.12,0.00,0.00
GCCCCAAACATTAGCATCGA,61.19,50.00,0.00,0.00,0.00
GAAGGCTATAACCAATCCGC,58.90,50.00,0.00,0.00,0.00
CATGCCATTCAAGTTGCCCA,61.99,50.00,0.00,0.00,0.00
ATAGCCGTAGACGTTGAGTG,59.69,50.00,2.05,0.00,38.68
GGTCCTGGGCAAATCTGAAA,60.70,50.00,0.03,0.00,0.00
GGCTTCTAATCGCGAGTGAA,60.61,50.00,22.60,19.96,0.00
GACTGTTCGTATTCATGCCC,59.12,50.00,0.00,0.00,0.00
TCTAGACTAATCGCAGCCAG,59.11,50.00,0.00,0.00,0.00
TTGGTCTTTGCAAGATGCCC,61.63,50.00,0.00,0.00,46.22
TCCTGCGTCTTTCCTATACC,59.02,50.00,0.00,0.00,0.00
ATGTGATATTGGTGACGGGG,59.97,50.00,0.00,0.00,0.00
CGCGCCTAAAATGAAGCATG,61.02,50.00,0.46,0.00,0.00
TCCGAATACCAAGTTGGCCT,61.66,50.00,23.97,8.25,44.85
GTATAATCTCGCTTCGCAGC,59.35,50.00,0.00,0.00,44.26
CAACTTCGTTCACAGGCTCT,60.68,50.00,0.00,0.00,0.00
ATTGAGTCGAAATCGCTGCC,61.52,50.00,0.00,0.00,40.46
CTCCTTAGGCGAATGTGTCT,59.61,50.00,0.00,0.00,0.00
TCGGTATAGTCCCTAGCGAA,59.67,50.00,4.37,0.00,45.76
TAGAGCCCCTTTAAAACGGC,60.47,50.00,16.57,16.57,42.76
TGTTCAGTTGTCGGAGAACG,60.68,50.00,13.60,9.49,44.10
CCACAAATGAACCCTGCGAT,61.41,50.00,0.00,0.00,0.00
TTCATCTCGTATCGCCTCGA,60.97,50.00,0.00,0.00,42.10
AGCCCAGAAACTCCAGTCTA,60.33,50.00,0.00,0.00,0.00
CAAACATGCACACATCTCCC,59.90,50.00,0.00,0.00,35.09
TCTGCTTCATCCGTATGCTC,60.04,50.00,0.00,0.00,34.31
GAGTTTAGCCATGTACAGCC,58.76,50.00,1.75,0.00,0.00
CCCGATGTTAGACAAGGTCA,59.53,50.00,0.00,0.00,36.34
AACACCTCGCGCTTAAAGTG,61.66,50.00,6.47,9.84,0.00
ACTAAGGCCGAGTGATGAGA,60.48,50.00,14.03,0.00,0.00
AGAAGTCTAAGAGAGCCAGG,58.28,50.00,0.00,0.00,0.00
TGAGGTGGTTCATACGATCG,59.69,50.00,16.26,16.26,0.00
ATCTTTCGGCTGCGTAAACG,61.79,50.00,0.00,0.00,43.27
CCCTCAAGTTGATCCTAGCA,59.23,50.00,7.79,0.00,0.00
TTGTAGAGTCAGTCGCCCAA,61.27,50.00,0.00,0.00,0.00
TTTGCCTGGCCATTGCTATG,61.78,50.00,24.97,2.37,38.68
TGAGCGACTCAGACATGTAG,59.33,50.00,0.00,0.00,37.84
GGACGAAAATCCTCACCTTG,58.97,50.00,0.00,0.00,37.25
GCGTCCAAATACCCCTACAA,60.18,50.00,0.00,0.00,0.00
GTAATACACGCACGCGAGAA,61.22,50.00,20.97,3.97,43.80
ATAGCCACTTACGCAGCAGA,61.77,50.00,0.00,0.00,0.00
AGGCAGCTTTAATAGACGGG,59.97,50.00,0.00,0.00,0.00
CAAGGCTAATTCGGCAAAGC,60.61,50.00,7.87,0.00,0.00
GTCACGCGGATAAGATAAGG,58.35,50.00,13.38,0.00,0.00
GCACCTCGAGTCTGTTGTAT,59.90,50.00,13.60,0.00,0.00
AGAGGCAACATACAGTGCTC,60.18,50.00,0.00,0.00,41.41
GTGGTTTGGGCATACGAGAT,60.55,50.00,0.00,0.00,0.00
TGCTCTATTTCAAGCTGGGG,60.18,50.00,0.00,0.00,40.72
CTCGACCGGCATGGATTTAT,60.40,50.00,0.00,0.00,43.37
TAAGACCGGGGTGGCTAATA,60.18,50.00,7.28,0.00,45.21
GGTAATGCACATCCTAGCTG,58.54,50.00,0.00,0.00,0.00
ACAGAACTCAAGCTATGCCG,60.54,50.00,0.00,0.00,0.00
CTCCACGACAGTTCATAGCA,59.90,50.00,0.00,0.00,0.00
CATGTCGACCGATAGAAGAC,58.01,50.00,15.46,0.00,39.76
TTCCACCCCTGATCCTAGAA,59.73,50.00,0.00,0.00,0.00
CATCTACAAGCACCAATCGC,59.76,50.00,0.00,0.00,0.00
TATGTCTTCTAACGCCGGTG,59.97,50.00,16.34,16.34,0.00
CTGTCCTGCAAGCATGTAGA,60.18,50.00,10.85,0.00,43.51
CCTTCTCCCTTGGATCGTAA,58.94,50.00,0.00,0.00,0.00
GCACGAAGTACCGTAGCAAA,61.10,50.00,0.00,0.00,44.10
CGCCAAATGAGATACCAGGT,60.26,50.00,0.00,0.00,0.00
TTTGGGCGGGATCGATTAAC,60.90,50.00,0.00,0.00,40.01
GCATCAACTAGGTACCGAGA,59.03,50.00,28.71,14.00,0.00
CTAAAATGGGAGCGTGCGAT,61.25,50.00,0.00,0.00,0.00
CAGCTTCATATCCCACCCAA,59.89,50.00,0.00,0.00,0.00
CCGGCCGTTTTAGTGTCAAA,61.60,50.00,27.45,0.00,0.00
CCCCTAACTGTAATTGCTGC,59.04,50.00,1.90,0.00,0.00
GGTCAAATCCTTCACCTCGA,59.82,50.00,0.00,0.00,0.00
CGGACAAGTCTTCAGATGTC,58.42,50.00,0.86,5.28,42.23
GTTGCTGGTGTACGTGAACA,61.24,50.00,0.00,0.00,0.00
CCTTTCCAGCACAAAGTACC,59.18,50.00,0.00,0.00,0.00
GCGTTTGCTTTGCGATTACC,61.49,50.00,0.00,0.00,39.37
CAAACCCTTGGAAGGCTTTC,59.75,50.00,0.59,0.00,46.67
CACACGCCGAGTTAAACGAT,61.44,50.00,0.00,0.00,0.00
AGGATTCGTTAACCCGGTGA,61.35,50.00,0.00,0.00,0.00
ACTGACCGTAACAGGATACC,58.95,50.00,0.00,0.00,40.67
GGAATAGCTTTCTCCCCACA,59.52,50.00,0.00,0.00,0.00
AGCCACGATACCTATTCGCT,61.27,50.00,0.00,0.00,0.00
GGTTACTGAGGTGAAGGAGT,58.79,50.00,0.00,0.00,0.00
TAAACGAGGACGCAGAAGGT,61.62,50.00,0.00,0.00,44.84
GTCTGATCTCGTACGGATGA,58.83,50.00,17.84,13.20,0.00
TTAGTACCGGAGTTCGATGG,59.04,50.00,10.52,0.00,43.46
CTATGCTGCCGTGGATCTAA,59.75,50.00,0.00,0.00,0.00
CATGCTCACCCTACGATGTA,59.39,50.00,0.00,0.00,0.00
CTCGATATGGCACTTGTAGC,58.63,50.00,0.00,0.00,0.00
TTGACCCCAGATAGGCGATT,61.15,50.00,0.00,0.00,36.51
GCCTTAACATACCCAGAGGA,58.93,50.00,0.00,0.00,37.71
CTCGATTACGCGGTCTCATA,59.55,50.00,13.38,0.00,40.37
AAGTACGACTTCTGAGGCTG,59.54,50.00,0.00,0.00,35.27
GATTCTGACGATCCAGACGT,59.69,50.00,3.84,0.00,44.36
GCACTCGATGGCCACTTTAT,60.90,50.00,9.97,0.00,0.00
TGTCGACCCAAGACTGGTAA,60.92,50.00,15.46,0.00,43.52
CTGTAGTGGTGGGGTTATGA,58.86,50.00,0.00,0.00,0.00
ACCAAGGGCGGTTTATCAGA,61.66,50.00,0.00,0.00,37.52
ACCCAAAAGTAGCGCCAATC,61.40,50.00,3.31,0.00,0.00
GGTGTGACAACCGTTAAGCT,60.97,50.00,0.00,0.00,0.00
CCATGTCCTTTGTCTTCCGA,60.11,50.00,0.00,0.00,0.00
TGGCACTCCCAGGATTATTG,59.89,50.00,0.00,0.00,41.23
CCGCGACACTCTAATGAGAA,59.97,50.00,9.27,0.00,44.30
TTGGCATGTGCTGTACTACG,60.82,50.00,6.04,0.00,42.54
CACCCATGAATCCGTCGAAT,60.61,50.00,0.00,0.00,0.00
TCCGGATCCTTTCCCAAATC,59.89,50.00,12.08,0.00,43.89
GAGCGACAAAGTAGGTAACG,58.79,50.00,0.00,0.00,46.39
TCGAGAATTACACAGAGGGC,59.61,50.00,0.00,0.00,0.00
GGGATGAAGCTTACAGGCTA,59.31,50.00,0.00,0.00,43.98
AGCAATGCCCTAGTCCATCA,61.44,50.00,1.22,0.00,0.00
GCGCTGTGTTTCACTTCTTC,60.46,50.00,0.00,0.00,36.69
TTGCATGTATGGGGACGACT,61.72,50.00,0.00,0.00,0.00
CATGACGCCAGCATTCTACA,60.90,50.00,0.00,0.00,0.00
CTGTTGAAGATGAGTCCCCT,59.16,50.00,0.00,0.00,0.00
CTTTTCATCAGCCCGCTAGT,60.54,50.00,0.00,0.00,0.00
ATGGTTCTTTTGCGTACCGG,61.39,50.00,0.00,0.00,34.82
GTGTAAGTCAGTGTAGGCAG,58.05,50.00,0.00,0.00,0.00
GTGTGGATTCCGACGTTGAT,60.82,50.00,5.17,0.00,0.00
TGTCGCATCAGAGATCCTCA,60.84,50.00,0.00,0.00,33.81
AAGCAGGGTAGAGGATCGTA,59.89,50.00,0.00,0.00,44.08
CACGTTTTGGTTCCGTCTTG,60.39,50.00,0.00,0.00,33.31
GTTAGACTCCCGTAGCGAAA,59.62,50.00,0.00,0.00,0.00
GAATTATGTGCGCCAGAGGA,60.61,50.00,5.16,0.00,0.00
AGGTAAGCGAGTCCCAATTG,60.18,50.00,0.00,0.00,0.00
GCCCTCGCAATATTGGTCTA,60.04,50.00,18.58,0.00,35.04
TGTGGCGAGACAAAACGATG,61.66,50.00,0.00,0.00,0.00
GCCTATGTATCTCAGCGACT,59.18,50.00,0.00,0.00,0.00
CAGAAATCCAGGAATACGCG,59.20,50.00,4.54,4.54,0.00
TGTGAGGCCCCACTAATTCA,61.30,50.00,21.29,2.61,39.21
GGTCAAAAGCGATGTTCCCT,61.05,50.00,0.00,0.00,0.00
AGCTCACGACTGTCACCTAT,60.77,50.00,9.94,0.00,0.00
AGTCAGGTATCAGTGTCTGC,59.24,50.00,0.00,0.00,0.00
TACCAACGCGGGTTTTACTG,61.04,50.00,17.82,6.49,43.94
CTGCAAGACAAACCAGAGAC,59.19,50.00,0.00,0.00,36.03
ACACATCCACTCAGCCCTAT,60.78,50.00,0.00,0.00,0.00
CTAGATTCGCAAGTTCCCCA,59.90,50.00,0.00,0.00,39.48
AAGTCAAGTGCTCCGCTAGA,61.34,50.00,0.00,0.00,0.00
CGTATATGCTCGATTCACCC,58.42,50.00,0.00,0.00,0.00
CGGTGAAAATTCTGACGCCA,61.67,50.00,0.00,0.00,34.91
CAGTCAAAATTTGCCCCGTG,60.75,50.00,1.74,0.00,0.00
GACTGCTCTGGCTGCATAAT,60.62,50.00,1.38,0.00,41.39
TTTTGGACTGGGACATGGAG,60.04,50.00,0.00,0.00,39.94
ACAACTCAGTTACGCGTGTC,61.02,50.00,25.99,15.96,0.00
CGTCACTCGCCGTCTTTTAA,61.09,50.00,0.00,0.00,0.00
ATTCCACGAGTCATCAAGGG,59.89,50.00,0.00,0.00,0.00
CACTTGACAGTTCTCAGTGC,59.20,50.00,0.00,0.00,33.30
TCCGTCGTTGCTTCATCTCT,61.69,50.00,0.00,0.00,0.00
CCGGATGTGAAAACGAGATC,59.13,50.00,0.00,0.00,0.00
CAGTCAGATATGTGGAGCGA,59.40,50.00,0.94,0.00,0.00
GCGAGTGCATTGATGTAGTC,59.49,50.00,8.74,8.74,43.12
AAGTTGGTCAAGCATGGGTG,61.27,50.00,0.00,0.00,0.00
ACCAATCGAACTAGGAGAGC,59.32,50.00,0.00,0.00,0.00
ATATCCACAGCCTCAGGTTG,59.60,50.00,8.31,8.31,41.26
ATTCACTTAGTTCCGGCCAG,60.18,50.00,3.19,0.00,0.00
AATACCGCTATACAGGCCTC,59.17,50.00,1.19,0.00,0.00
TAGACTACTCTCAGGCCTGA,58.85,50.00,35.09,35.09,38.81
CGTTGATAGGGTTACGCGTT,60.89,50.00,22.39,1.50,0.00
AATGTAGGGGTCTTAGCCGA,60.48,50.00,0.00,0.00,38.35
TAGGTCGCGTTCAATTGGGA,61.99,50.00,6.70,0.00,0.00
TCCTGCGCCTCTATATGGTT,60.92,50.00,5.16,0.00,0.00
AGGTACTGCCATACGAGTTC,59.32,50.00,0.00,0.00,39.18
AGACAACGGCCTGGGATTTA,61.66,50.00,0.00,0.00,0.00
TGACATAGGCCTCGAACCAT,61.14,50.00,11.51,0.00,0.00
GCTTGTCTTTCGCAGCTGAA,61.94,50.00,21.89,1.45,0.00
ACCCAACGAGACTAGCAGAT,60.77,50.00,0.00,0.00,0.00
CGATTAGCCTTTGAGCAGGA,60.26,50.00,0.00,0.00,37.67
TGAACGGTGACTGAAGCTTC,60.68,50.00,21.60,21.60,0.00
ACTTGGCTATGTAACACGGG,60.18,50.00,0.00,0.00,0.00
CCCATTCACGTCAATGCTAG,59.12,50.00,9.43,0.00,34.99
CTTTAAGTCCGATCGCACAG,59.14,50.00,14.79,0.00,0.00
TTTGCCGTGTCTTTCTTCCC,61.26,50.00,0.00,0.00,0.00
AATTCCGATACCTCTGACGG,59.39,50.00,0.00,0.00,46.25
CGTCGGACTTAAACTCCAGT,59.83,50.00,7.79,0.00,0.00
AATCACCATTAGTCGTCGCG,60.95,50.00,0.00,0.00,0.00
ACGAAGTGTGACTACCGCTT,61.90,50.00,0.00,0.00,44.46
AGAACCCGGTTAGTTCAAGC,60.40,50.00,21.85,1.22,46.75
AGGGTTTGATCAGGGCAGAT,61.38,50.00,0.00,0.00,0.00
GACGGTTAACCAGAAGAAGC,58.98,50.00,25.71,2.18,36.23
ACGACACAGCACTACCATCT,61.34,50.00,0.00,0.00,0.00
CTGCTCTTATGCCCTCATTG,58.82,50.00,0.00,0.00,35.64
GCCTGGGATTCGAACAGATT,60.55,50.00,16.14,0.00,35.78
CTACGGAATCGGGACCTAAA,59.03,50.00,0.00,0.00,42.29
CAAACCTCCCAGCTTCACTA,59.75,50.00,0.00,0.00,0.00
GTCCTTAGGTTCTCCACGTT,59.46,50.00,0.00,0.00,36.81
CATACCAGCATTCAGGTTCC,58.75,50.00,0.00,0.00,40.77
GCAACATGTTAGGTCCTAGC,58.76,50.00,13.44,7.82,0.00
TTGAGGTATGTCAGCGATGG,59.97,50.00,0.05,0.00,0.00
GTTCTGACTACTCGGGAGAA,58.60,50.00,3.37,0.00,40.45
TTGGTGCCTCTACAGTGACA,61.21,50.00,0.00,0.00,0.00
CGATGACTAGTACCCTTCGA,58.46,50.00,13.07,0.00,33.34
ACCTGTTGGATGACTACTGC,59.82,50.00,0.00,0.00,37.87
CACACGTAGCAGTTTCTTGG,59.55,50.00,0.00,0.00,0.00
TTGACCATTCCGACTACTCC,59.24,50.00,0.00,0.00,0.00
TAACGGTATAGGGGTCGTAC,58.16,50.00,0.00,0.00,36.71
CACACGTACTCTGACACAAG,58.65,50.00,0.00,0.00,0.00
GAAACGTTGTTATGCCCTGC,60.54,50.00,0.77,0.00,0.00
TGGCCATCGGTATTCATCTC,59.75,50.00,0.00,0.00,0.00
TTGGGAGTGGAGACGATCAA,60.99,50.00,0.00,0.00,0.00
CGAACTTAGAGTCCAAAGGG,58.04,50.00,9.13,0.00,0.00
GATTGGCAGAGAACATCCTG,58.75,50.00,0.00,0.00,0.00
ACTGATAGGAAAGCGCGGAT,61.85,50.00,9.77,0.00,0.00
TGCTTAACCCTAATGCCGAC,60.54,50.00,0.00,0.00,0.00
ATACAGTTGGTTGCCAGACC,60.40,50.00,0.00,0.00,40.98
TGCGAAGTACATTCTGGGGA,61.35,50.00,0.00,0.00,37.23
TCTCACACTGGTGGTATCAC,59.17,50.00,0.00,0.00,46.78
AGGGATGTTACCGTCAGTGA,60.70,50.00,0.00,0.00,0.00
AAGGTGTGGTCCTCGTTTGA,61.79,50.00,0.00,0.00,38.50
TAAGCCCGAATCCTTTCAGG,59.89,50.00,0.00,0.00,37.50
TCTGACAAGACGGGTATGTC,59.25,50.00,10.97,10.97,44.05
TTTGGATTAGACCCCGTCGA,61.06,50.00,0.00,0.00,39.30
AGTCTCGGAGTAGTCATTCG,58.76,50.00,5.95,0.00,0.00
TCTGATAAGTCCTGTTGCGG,59.90,50.00,0.00,0.00,0.00
AACTGTGGAAGAGACTGCAC,60.33,50.00,0.00,0.00,39.41
TCCGCAGAATTACACAAGGG,60.47,50.00,0.00,0.00,0.00
CCACGTCCAAACTGATCAAG,59.27,50.00,0.00,0.00,0.00
TCATACGTTCGTCCCTAGAC,58.76,50.00,1.30,0.00,40.63
ACTACGCTAACACCCAGCTA,60.77,50.00,0.00,0.00,38.40
GCAAGGAACTGGACTATCTG,58.10,50.00,0.00,0.00,42.75
TGGTGTATGTCCGAATCCTC,59.32,50.00,0.00,0.00,0.00
AAAGTGCAGCCGGATATAGC,60.69,50.00,6.13,0.00,0.00
TAGAACTCTCACAGTCGCAC,59.55,50.00,0.00,0.00,34.76
GAGGCTCCGAGAATTTGAAC,59.05,50.00,3.62,0.00,0.00
GCTAATTCCTGCACCATCGA,60.61,50.00,0.00,0.00,0.00
AATATGCCCCAAGGATCCCA,61.17,50.00,10.01,0.00,34.87
GTCATGAGCAATATCAGGGC,58.90,50.00,0.00,0.00,34.03
TGATATGCGGTTCCGGATCT,61.28,50.00,22.23,13.98,42.37
TAGTGTTCCCAAGATGCGCT,62.00,50.00,10.64,0.00,0.00
GTCAGGTCTCTTGCCATTAC,58.40,50.00,0.00,0.00,0.00
CTGACACGATTAGACGCTAC,58.31,50.00,0.00,0.00,37.54
CAAAATCACAGCGTCCCTAG,59.05,50.00,0.00,0.00,0.00
AACCTACAAACTCGTCGCAC,61.03,50.00,0.00,0.00,0.00
AGTGTCGTTATTCGTTGCGG,61.44,50.00,0.00,0.00,41.53
CCTTATAAGCCGCCTTCACA,60.26,50.00,8.68,0.00,33.93
CTTCTTGGGATGCAGTGTAC,58.68,50.00,0.00,0.00,0.00
CTGTCAGAGTAGACGCAACT,59.54,50.00,0.00,0.00,42.94
GAGAATCACGCGGACATGAA,60.89,50.00,13.38,0.00,34.50
TCCGAGTACTTCCGCTATCT,59.97,50.00,0.00,0.00,0.00
TCGTCGGACCGTTTTCTATG,60.26,50.00,16.11,0.00,0.00
CTGCAGGAAATGTTCTTCGC,60.25,50.00,7.05,0.00,0.00
TGAAGATCGTTAGCGTGGTC,60.26,50.00,0.00,0.00,40.27
ATGGCCTTACCGTCTTTGGA,61.66,50.00,4.28,0.00,45.21
TGTCTTGTGACCGTTGGTAC,60.33,50.00,0.00,0.00,43.74
CAACGGGTAATAGCGCTCTA,59.76,50.00,18.07,5.51,0.00
GGGCGCTTTGTACATGAGAA,61.11,50.00,8.57,0.00,0.00
GGGCAGCTGTAAACTACCAA,60.40,50.00,17.94,0.00,0.00
CCGCTTTAAGAGGACTGCTA,59.61,50.00,11.42,0.00,40.09
ACATGGGGTTGCTCTAAGTG,60.11,50.00,0.00,0.00,0.00
TATAAGATTTCCCGCTGGGC,60.04,50.00,10.03,0.00,45.78
AAAAGAGTGGGCATCTGACC,60.40,50.00,0.00,0.00,46.95
GTTTACTGGAGGAGTCCTGA,58.50,50.00,20.98,3.34,45.95
CCTTAACCACTGCTCGTAGA,59.25,50.00,0.00,0.00,0.00
GGTATAGCCTGAACAACCAG,58.10,50.00,0.00,0.00,0.00
TGAAAACTTCCACCTCGTCG,60.68,50.00,0.00,0.00,0.00
GTGCAAGTGACCCGATTGTA,60.76,50.00,0.00,0.00,0.00
GAGTATCTTCACTCAGCGTG,58.22,50.00,0.01,0.00,45.47
AGGATTCATTCGTGACGGGT,61.71,50.00,6.17,0.00,0.00
GTTGACTACTACAGCCCGAA,59.54,50.00,0.00,0.00,0.00
GTCATTGATTGCTCTGGACC,59.04,50.00,0.00,0.00,0.00
CTGAGTACTGATGGCCACAA,59.82,50.00,9.97,0.00,0.00
GTCAGAACATGGTTCAGGAG,58.32,50.00,12.70,1.19,0.00
CGAGGAGGTTCTCACAATGA,59.54,50.00,0.00,0.00,35.06
CGTTACTCTCAATGCGGATC,58.93,50.00,0.00,0.00,0.00
GAACGAGGATATGCTGCACT,60.33,50.00,5.17,0.00,0.00
ACCTGGGGAACTTGGGAATA,60.64,50.00,0.00,0.00,0.00
AACAGAGACAACTAGCGCCT,61.63,50.00,3.31,0.00,0.00
CTGCCGGATGGAATTACTGA,59.97,50.00,6.13,0.00,38.82
AGGAGAGCACGTTGTCTACT,60.69,50.00,5.83,5.83,0.00
GGCATATGCAAACAGACCAC,59.97,50.00,29.63,5.60,45.33
TTCAGTCCATCCCGCTTTCT,61.65,50.00,0.00,0.00,0.00
AACGCTCAGTGTCCCTATGA,61.06,50.00,0.00,0.00,0.00
GATTAAGGAAGTTGGGCCCA,60.11,50.00,26.64,26.64,0.00
CAGCCCGTCATACATACACA,59.97,50.00,0.00,0.00,0.00
TCCAGGGGAATCGTTAATGC,60.26,50.00,0.00,0.00,0.00
TTCTCTCCGGAATGCAGTTC,60.18,50.00,6.78,0.00,36.81
CGGGCAATCAACATGGGTTA,61.12,50.00,0.00,0.00,36.80
AGATAAGATTGGATCCGCGG,59.82,50.00,23.64,23.64,0.00
TCGTCCTCCTCTAACAACCT,60.04,50.00,0.00,0.00,0.00
CACATCCACGCATTATCACG,59.84,50.00,0.00,0.00,0.00
TGAATCCCGTCACTTCTAGG,58.95,50.00,0.00,0.00,0.00
CCCTATTTTCCTCCAGACGT,59.23,50.00,0.00,0.00,0.00
AATGGACATGCGTCTTCAGC,61.46,50.00,0.00,0.00,43.68
ATCGTGTTATTCGGGGTGTC,60.26,50.00,0.00,0.00,0.00
AATCGAGATTGAACGGTGCG,61.51,50.00,0.00,0.00,0.00
CATGAGACTCTAGGCCATCT,58.42,50.00,6.00,0.00,0.00
GGCACGTGAGCAATAGTGTT,61.39,50.00,23.65,0.00,38.26
TCCACAACATGTACTTGGCC,60.69,50.00,14.29,0.00,0.00
ATCGAAACAGGGTAGCCATC,59.97,50.00,15.93,6.45,0.00
GTGTTTCGCGCTACTGATTG,60.32,50.00,6.47,0.00,0.00
TCGGGTGAACACGTACCTAT,60.77,50.00,6.56,0.00,45.98
CACCGACATTCCCATATCCA,59.68,50.00,0.00,0.00,0.00
GTTATCGCATTGCCAACCCT,61.48,50.00,3.73,0.00,0.00
GTGACCGAGTCCTACAGATT,58.96,50.00,3.58,0.00,0.00
TAGTATGTGGCCGTGTTAGC,59.97,50.00,0.00,0.00,0.00
CCGTTGTAACCTGAGACTCT,59.18,50.00,4.95,0.00,0.00
GGACTAAGCCTTTGAACTGC,59.26,50.00,0.00,0.00,0.00
TATAATGGTGATGCGGGGTG,60.04,50.00,0.00,0.00,0.00
AAGATCCTAGCTCCCACGTA,59.89,50.00,0.00,0.00,0.00
TTAACGCGGGATTAGGAAGC,60.61,50.00,13.38,0.00,0.00
CCACACGATTTACAGCCAGT,60.76,50.00,0.00,0.00,0.00
GAGTTAATCATGGTCGAGCG,58.93,50.00,11.71,0.00,0.00
AGGACGTTAATGCTGGCAGA,62.00,50.00,22.27,5.13,0.00
AGAGCGATACGGAATTCGGA,61.26,50.00,20.34,4.22,45.37
GACGTGACCCTCATTTGGTT,60.69,50.00,0.00,0.00,37.82
CCAGGATATAGCCAAGCGAT,59.53,50.00,12.02,0.00,0.00
CAGGACTTCTAGGTGTTGCT,59.46,50.00,0.00,0.00,0.00
ACTGAAGGGCCTTCTTTGGA,61.52,50.00,39.98,23.94,42.62
GGGAAAAGGCGCTAAACAAG,60.18,50.00,8.57,0.00,0.00
GTCTCCGTGGATTGAAAGTC,58.70,50.00,0.00,0.00,0.00
GCTAGATCCCGAAATGCTAC,58.34,50.00,0.00,0.00,0.00
GGAAGATTTGACAAGCACCG,59.90,50.00,0.00,0.00,0.00
GCTTGATCCTCATTGGTAGG,58.16,50.00,0.00,0.00,37.92
CAACGATCAATGCGAGGCTA,60.96,50.00,0.00,0.00,0.00
TATAGACCCGTCAAGGCAAC,59.61,50.00,0.00,0.00,40.25
GCTCCAAGGCGGTAATTGAA,61.12,50.00,0.00,0.00,36.58
TGACAGTGAAAGACTCGCAG,60.40,50.00,0.00,0.00,38.61
TTAGACCTACACATCCTGGC,58.94,50.00,0.00,0.00,0.00
GTACCATTGAACCACCTTCG,58.98,50.00,0.00,0.00,0.00
GATTCAGCACCCGTACTAGA,59.03,50.00,0.00,0.00,0.00
ATTGGACCTAGGACGACATC,59.02,50.00,19.44,2.03,0.00
TCTCCCACACATAGGCAAAG,59.82,50.00,0.00,0.00,0.00
TAGTGTGTAGGTCTCTTGCG,59.26,50.00,0.00,0.00,0.00
GAGCGATGTAGACCATGAGA,59.11,50.00,0.00,0.00,34.59
TGTCGTCGAAGTAGTGTTGG,60.11,50.00,0.00,0.00,0.00
CTCATAGCCGCCGTTATACT,59.54,50.00,0.00,0.00,0.00
GGTGGTTTGATCTGTGGCAT,61.06,50.00,0.00,0.00,0.00
TTAGAACGACTTAGACCCGC,59.62,50.00,0.00,0.00,0.00
CCCATCCGCTAATGCCTATT,60.11,50.00,0.00,0.00,36.36
AAAGTACGCCGTGGGATTTC,61.11,50.00,0.00,0.00,0.00
TCGTGGAGATGTACATCCGT,60.84,50.00,30.12,16.14,40.17
TCTGCATACTTCCCTGTCAC,59.53,50.00,0.00,0.00,0.00
ACGTATATCGACTCTCGGGT,60.04,50.00,0.00,0.00,42.57
GGAGTTTGTCATCGGGTAGA,59.24,50.00,0.00,0.00,0.00
CCCCGGGAGTTAGCTTAATA,58.71,50.00,27.87,0.00,0.00
TGATTCTCACGACTGCAACC,60.75,50.00,0.00,0.00,0.00
TTCCCTGTTGTCTGGCTAAG,59.75,50.00,0.00,0.00,0.00
GGCCGTTTGTGGTAACTGTT,61.54,50.00,0.00,0.00,37.61
CATTGGGAATTATGCCGGGT,60.91,50.00,3.16,0.00,42.56
AAGGAATGGAGCATGTGCAC,61.41,50.00,12.20,12.20,46.12
AAAGGGGAGTAGGCTAACAC,59.16,50.00,0.00,0.00,0.00
CGTTGGACTACGTTGGATGA,60.18,50.00,0.00,0.00,38.17
CCCGTAAGATAGCCATAAGC,58.04,50.00,0.00,0.00,41.95
CGAATCAACCCGCTGTGTTT,61.95,50.00,0.00,0.00,0.00
GACGGGTTCTTGTGTTGGTT,61.19,50.00,0.00,0.00,0.00
AGTGGACTAAAACTGGGCCA,61.52,50.00,7.38,7.38,0.00
CTGCGATCCACAAACCATTC,59.97,50.00,0.00,0.00,0.00
CGAATGTCCGGACCTTGTTA,60.18,50.00,32.85,14.38,0.00
GGCCATGCTGTTCTAATCCT,60.26,50.00,0.00,0.00,0.00
ACTTCCCAGATTGTCTGCGT,61.93,50.00,3.01,0.00,45.17
CGGTACAAGTTAACGCCTCT,60.18,50.00,0.00,0.00,0.00
GAGCCCCTAAATAATTCCGC,58.89,50.00,0.00,0.00,0.00
ACCAGTGTAAAACCTCCCGT,61.51,50.00,0.00,0.00,0.00
TTAAGGTTTCTCCCTCACCG,59.46,50.00,0.00,0.00,37.12
TACTACGGTATGCCAACGAC,59.69,50.00,0.58,0.00,34.99
TATTTGGTAGAGCATCGCCG,60.40,50.00,0.00,0.00,44.08
TCTGTAGGAATGACGGGACA,60.41,50.00,0.00,0.00,0.00
AACTGATTCCTGCCGTTGTG,61.33,50.00,0.00,0.00,0.00
CTTCTTACACTTCACGGGAC,58.34,50.00,0.00,0.00,0.00
CACCTGACTTTCTCCTGCTA,59.17,50.00,0.00,0.00,0.00
ATATAGCTAGGGTGAGGCTG,58.19,50.00,0.00,0.00,38.77
CCTCTCGCCTTGATATCTCA,58.81,50.00,5.24,0.00,0.00
TCTCTTCGTGACGAGCTTGT,61.61,50.00,8.29,8.29,39.00
ATGATCCACGCGATTGTGAG,60.96,50.00,16.94,0.00,44.22
TCTATGCGACCGTGCTAACA,61.76,50.00,0.00,0.00,36.28
GGGGCACAATTATGCTGTCT,60.84,50.00,11.16,0.00,46.83
CTGGATGGTCATATTCGACG,58.35,50.00,0.00,0.00,38.33
CATATAGGCAGCGTCGCTAA,60.18,50.00,23.16,8.12,38.88
ATGGCTTCTAGCACCTGACT,61.07,50.00,1.85,0.00,46.75
CGGCACTTTACTCTGTTAGC,59.06,50.00,0.00,0.00,0.00
TCTCCTGGTCTTCGTTCTCT,60.04,50.00,0.00,0.00,0.00
CTTCCACGTCATTTGGATGG,59.33,50.00,0.00,0.00,45.10
CACCACTCCCTCGTATTGTT,59.82,50.00,0.00,0.00,0.00
CTGTCGCCAATCAAGGTAGT,60.18,50.00,0.00,0.00,0.00
GGCGTCAGGATTTCTCGAAT,60.61,50.00,0.00,0.00,0.00
CTTGGCTGCAAACTCGTTCT,61.60,50.00,1.38,0.00,0.00
AGAATTCGGCTCATGGACCA,61.72,50.00,0.00,0.00,0.00
CCTACCTAACCTTACTGGCT,58.26,50.00,0.00,0.00,41.31
TCAAGGTAAGCGGGAACAGA,61.28,50.00,0.00,0.00,0.00
TAAAGCACGTGGAGGGACTT,61.57,50.00,20.19,9.66,43.72
CAGTGAATAGTTGTGCAGGG,58.97,50.00,0.00,0.00,0.00
CTTACTTGGGCCTAGGCTAT,58.71,50.00,33.81,17.31,42.40
CGCGTCTCATTATTCCTCGT,60.40,50.00,0.00,0.00,0.00
GATCTTTCCTGCGTAGACGA,59.69,50.00,7.51,0.00,44.04
TACCTCTGGTGTCTTCTCGT,60.04,50.00,0.00,0.00,38.21
AACTTCGCTAGTGTGAGACG,60.18,50.00,15.19,0.00,38.99
AGTGCATCTTTGAGTCAGGC,60.76,50.00,0.00,0.00,0.00
CTACACCGTTTCTTGGGCTT,60.69,50.00,0.00,0.00,0.00
ACCTAGAACTGGTGATTCCG,59.24,50.00,0.00,0.00,40.49
CGAAACAGCGAACAAGTCAC,60.46,50.00,0.00,0.00,0.00
AGGCATGAAGACTCGGTTAC,59.90,50.00,0.00,0.00,0.00
GTATTCTTTACGCCGGCACA,61.17,50.00,30.30,12.12,0.00
AGACGAATACTGGCCAGAAG,59.61,50.00,40.93,25.37,0.00
TCCATCTGTTCGTAGCGGAA,61.41,50.00,0.00,0.00,0.00
GAGGTGGTGCTCATTCAATC,59.04,50.00,0.00,0.00,0.00
TATCAAGCGGGACCGTTCTT,61.71,50.00,14.02,6.99,42.90
TCTAACTGGCTAGAGACCCA,59.44,50.00,4.69,0.00,0.00
TAACGGAGGTACTTTTCGCG,60.54,50.00,0.00,0.00,43.72
GTTTGTTTAGGGCCTGACTC,58.89,50.00,19.98,6.09,0.00
CCGTTGAGTGAGAAACTAGC,58.71,50.00,0.00,0.00,42.21
TCTATGTCATTGGGCCGAGT,61.14,50.00,0.00,0.00,0.00
GTAGGGAGCCATTTCTCTGT,59.23,50.00,0.00,0.00,35.00
CGGACCAAACACAGAATCAC,59.55,50.00,0.00,0.00,0.00
ACAAGGTGATGTGTGGTCCA,61.80,50.00,0.00,0.00,32.64
GGAGTGTCCTCTTTCGTACA,59.18,50.00,0.00,0.00,39.31
TCTTGAAGTCGATCCACGGT,61.34,50.00,0.00,0.00,43.60
ACAATTTGCGACCCTCTACC,60.47,50.00,0.00,0.00,0.00
CTCTCCCGCGTAGTATGAAA,59.40,50.00,5.83,0.00,0.00
CTACATTCGAGTCCACTGGT,59.25,50.00,0.00,0.00,0.00
ACAACTACTATGACCCGGTC,58.95,50.00,12.71,12.71,0.00
CTTCGGTTGCCTTCAAAGCT,61.61,50.00,0.00,0.00,35.08
GGGAAGTTTGGCCAACGTAA,61.26,50.00,22.41,1.19,42.39
ATGTAGAGACTGCTCATCGG,59.11,50.00,0.00,0.00,45.37
TAATTGGGCCTTCTCCATGG,59.89,50.00,6.50,6.50,35.43
CACCAACCATTCTACCAACG,59.26,50.00,0.00,0.00,0.00
ATGGTCTTACGATGAGGGTG,59.31,50.00,0.00,0.00,0.00
TGCTACGCCTCGATCTTTTG,60.89,50.00,0.00,0.00,0.00
GAGGGTGTCCAGTGGATTTA,59.16,50.00,18.61,4.05,34.78
GTGGAATCACGAATGCCTAC,59.12,50.00,0.00,0.00,36.01
GATTTCGACGATTCCGGTCT,60.33,50.00,0.00,0.00,41.71
CCCAATATGGACCCGTAGAT,58.78,50.00,0.00,0.00,43.26
ATATGCCGTACCCTGACCAA,61.14,50.00,0.00,0.00,0.00
AGGTTCTCACAGATAACGCG,60.26,50.00,4.54,4.54,0.00
GAAAATTCCAGCGGGTACAC,59.62,50.00,3.20,0.00,35.87
GACTAATAGTGTTGCTCGCC,58.85,50.00,0.00,0.00,0.00
GACTCACCGTACAACAAAGC,59.56,50.00,0.00,0.00,0.00
GTTGGACTCTAGAACTCGCT,59.25,50.00,0.00,0.00,0.00
AACAGAGTTTGGGTCTGGGA,61.15,50.00,6.63,0.00,46.88
GCTCCGCTTTCATTACGATC,59.56,50.00,0.00,0.00,0.00
GACATTCTGCGCCCATATGA,60.69,50.00,5.16,0.00,0.00
TTTGAACTCGGTTCGCATCC,61.39,50.00,12.28,0.00,46.60
TTTAGGGGCCTACACTTTCG,59.82,50.00,1.82,0.00,0.00
GACTTTTGAGTCCGGGCATA,60.18,50.00,11.30,0.00,34.39
CGCTCCGATGCAACTTTCAT,61.80,50.00,0.00,0.00,0.00
TATGGGTGATAAACAGGCGC,60.62,50.00,0.00,0.00,0.00
CTAATTTTGGTCAGCTGCCC,59.61,50.00,21.71,17.13,0.00
CTACTGGAGAGTGCGCTTAA,59.61,50.00,10.64,0.00,34.84
GACCCTTAAGTTGCTGTGGT,60.33,50.00,2.25,0.99,0.00
CCTTGACAACTGCACTCGAA,60.97,50.00,0.00,0.00,0.00
CCGTTCGAGAGTACTTACGA,59.06,50.00,18.93,18.93,33.69
AGTAGCACAGTGAAAGGGCA,61.87,50.00,5.62,0.00,0.00
TACGATCTCAGCAATGCTCG,60.40,50.00,6.24,10.79,38.88
AATCTCTGTCGCAAGTGTCG,60.82,50.00,0.00,0.00,39.48
GAGCAGAGCATGTTCGCATT,61.81,50.00,22.92,9.86,37.15
GCGGCCGTTTATAAGAGTGA,60.61,50.00,30.02,0.00,0.00
CCACCAGACCACGTATTTAC,58.41,50.00,0.00,0.00,0.00
TCGGGTCATCCAGATTCACT,60.77,50.00,0.00,0.00,35.33
GGCTTGGTTTCCGATTCACA,61.33,50.00,0.00,0.00,0.00
TCTCCGAGTCTCTTGTGTCA,60.33,50.00,0.00,0.00,0.00
TATGGTCGGAATGTCAGCTC,59.68,50.00,0.00,0.00,0.00
GAGACACGAGGTTTCAAGCT,60.40,50.00,0.00,0.00,40.79
AGATGTGAGGCGTAAGAGTC,59.32,50.00,0.00,0.00,43.02
CAGAACGACCTACAATGCTG,59.06,50.00,0.00,0.00,0.00
ACCCTTGCACGTAGCTACTA,60.77,50.00,22.74,4.58,46.90
GATAGGCACAGCAGTTCTTG,59.05,50.00,0.00,0.00,0.00
GTAGTGTCAGCTGCGAAGAT,60.26,50.00,10.94,0.00,0.00
AGGCAATTAGAGAGTTCGGC,60.26,50.00,0.00,0.00,0.00
ATCTGGACGACGTGTTCCTA,60.76,50.00,6.23,0.00,0.00
CTGTTCGTACGGAGCTCTAA,59.33,50.00,17.84,0.00,33.71
AGATGCTCCTCGGTACAACA,61.06,50.00,0.00,0.00,0.00
CCATGAGTCCGTCATTAAGC,58.84,50.00,0.00,0.00,46.95
CTAACGGTACCGGCTTACTA,58.75,50.00,37.43,17.89,45.56
TCGGAACCCAGATACAGACA,60.41,50.00,0.00,0.00,0.00
GTGCGAGAGATACTTTGCCA,60.54,50.00,0.00,0.00,33.51
GGTGTACGTATCGCATCTGA,59.76,50.00,0.00,0.00,0.00
GAATGAGCTTTGATGCTGCG,60.67,50.00,0.00,0.00,45.87
TCGCGGACCTTGTCTAACAA,61.91,50.00,7.08,0.00,38.03
GTTGTATCGGCGTTGTACGT,61.16,50.00,7.75,0.00,46.43
AAGATCAGCCTAAGACGGGA,60.48,50.00,0.00,0.00,0.00
CACGCATATACCATGGGAAG,58.61,50.00,19.43,4.85,37.22
CCCAACTGCCATGCTATATG,58.89,50.00,0.00,0.00,0.00
GGCTCGTTAGTCATGTGTTC,59.06,50.00,0.00,0.00,0.00
TCACAGTAAGATCACAGCGC,60.54,50.00,0.00,0.00,0.00
GGTTTCCTCAGATCACTGCT,59.82,50.00,0.00,0.00,44.48
TAACAGGTGGGTAAAGCCGT,61.58,50.00,0.00,0.00,39.48
AAGCTTTAACCCTTGGTGCC,61.28,50.00,0.00,0.00,37.53
TTCATCCTTAACCCCGGAAC,59.82,50.00,1.82,0.00,33.82
GGTGCTGCTTGTGATACGTT,61.39,50.00,0.45,0.00,0.00
GCGGCGATACGACATAATTG,59.98,50.00,13.97,0.00,35.21
TAAGGTCGTCGAACAGGGAT,60.77,50.00,15.54,0.00,0.00
GGAGGTATACGCAAGGGTAT,58.80,50.00,14.94,14.94,46.39
TTACGGTTTGGGTAGGTCGT,61.28,50.00,0.00,0.00,35.69
CTTATAACAGTGGTCTCGGC,58.20,50.00,0.00,0.00,0.00
ATGCAGAGAACCAAGTTGGG,60.69,50.00,27.18,9.68,45.40
TCCGGTGGTCTCACAATTAG,59.53,50.00,0.00,0.00,46.78
TGGTGTAGACCTTTACCGTC,59.17,50.00,12.57,0.00,45.20
GGTCGCCTCGGAATTTCATA,60.33,50.00,0.00,0.00,0.00
GCATCCATTCGCTTGTAGAC,59.48,50.00,0.00,0.00,0.00
CATGCTTGGGACTGTTGATG,59.61,50.00,0.00,0.00,0.00
TGTCCCAAAGTCCTGGAATG,60.04,50.00,0.00,0.00,40.80
CATCCTGACACTCGCTTTTC,59.34,50.00,0.00,0.00,0.00
CGTGTAGAAAAGCACCCCTA,59.82,50.00,0.00,0.00,33.83
TCTTCTCAGCGAGGTGTGTA,60.69,50.00,3.23,0.00,0.00
TATTCGCTACGCTCACCTGA,61.19,50.00,0.00,0.00,0.00
TGGAGGACTGTGCATCACTA,60.70,50.00,2.55,0.00,36.69
TAAACCCAGCTTCCTCTAGC,59.23,50.00,0.00,0.00,42.30
CGTAAGCTATGTGCCAGATG,58.92,50.00,0.00,0.00,45.26
ATCGGTCGAGGGCATAATGA,61.28,50.00,0.00,0.00,0.00
GTTACCGTATGAGCACCTGA,59.61,50.00,0.00,0.00,0.00
GGAAAATACGCCGTCGAAGA,60.89,50.00,0.00,0.00,40.27
GCTGTGTCTCAGGGTGTATA,58.95,50.00,5.67,0.00,45.11
CGAAGTTGCTCGTCCTTGAA,61.03,50.00,0.00,0.00,35.53
CCAGAGGGCTGATACAAGAT,59.01,50.00,0.00,0.00,46.88
TCTTCTGGTACGAGCAATGG,59.90,50.00,0.79,0.00,0.00
TGGTCTCAGCATCCCATGAT,61.15,50.00,0.00,0.00,0.00
GTCGTGTGTTTAGAGCCCAA,60.68,50.00,0.00,0.00,0.00
CTTTTCCCTAGAGTCGGAGT,58.58,50.00,0.00,0.00,0.00
GAAAGGCATACAAGGGGAGA,59.52,50.00,0.00,0.00,0.00
GACTTTTCCCTACAGGCAGT,59.75,50.00,0.00,0.00,35.66
AAAGGTCGGGTTGAAGCCTA,61.58,50.00,13.71,0.00,34.38
TCTTAACGATAGGTGCCGGA,60.84,50.00,6.13,0.00,43.77
TCTCGAATGTGGAGTACAGC,59.61,50.00,0.00,0.00,45.62
TGTAGAGGGATAAGGGGTGA,59.13,50.00,0.00,0.00,0.00
CAACGTGCTCGGGCTTATTT,61.74,50.00,11.18,0.00,42.69
TACGGGTTTAGGAGTCGGTA,59.82,50.00,0.00,0.00,0.00
CCGACAGCCGTATAAGTAGT,59.11,50.00,0.00,0.00,37.29
GCATCGTTATACTTAGCCCC,58.33,50.00,0.00,0.00,0.00
ACTAAGCTCCCGAATCCTAG,58.43,50.00,0.00,0.00,0.00
CGGAAGTTAGATCTCGCATG,58.64,50.00,0.00,0.00,0.00
GTTTACACCAGCTCACAGAC,58.91,50.00,0.00,0.00,0.00
GCATTCATACGATCCCCTCA,59.75,50.00,0.00,0.00,0.00
GCGTTCCCGTTACATGTTCT,61.10,50.00,3.93,0.00,37.08
GTACACTGCTCGACGTTTCT,60.47,50.00,0.00,0.00,0.00
GCCCCGCAGATAGATTACTT,59.75,50.00,0.00,0.00,0.00
ACCGGCTGAAGCTAAGATCA,61.42,50.00,0.00,0.00,42.54
GAGCAAATATCAAGCGTGCC,60.39,50.00,0.00,0.00,37.39
CCGTTAGTACATGCAGTCGA,59.97,50.00,0.00,0.00,0.00
ACACACTTTGATGCCCCATC,61.06,50.00,0.00,0.00,42.18
TACTTCGCGGAGTTGAGATC,59.69,50.00,30.31,0.00,0.00
GTCCCAAGCGGATTAAGTGT,60.47,50.00,0.00,0.00,46.63
